customer_id,full_name,ic_number_fake,email,phone,occupation,monthly_income_myr,home_latitude,home_longitude,nearest_branch_id,customer_since
CUST00001,Farah Kamal,781124-04-7201,tasha01@example.net,+6011-5918715,Consultant,3757.28,3.078103,101.474379,BR009,2025-05-06
CUST00002,Priya a/l Muthu,930115-08-2654,daniel62@example.com,+6016-5663623,Architect,3771.37,3.102821,101.579496,BR008,2016-07-11
CUST00003,Suresh a/p Govindasamy,910808-08-3677,teresa28@example.org,+6017-7366205,Business Owner,14683.4,3.119098,101.70266,BR003,2025-03-15
CUST00004,Wei Ling Wong,700602-03-4456,ericfarmer@example.net,+6019-6279418,Accountant,5884.71,3.161978,101.658576,BR002,2026-01-12
CUST00005,Aiman Ismail,010814-14-7543,georgetracy@example.org,+6015-4679591,Nurse,3519.05,3.099785,101.5234,BR008,2025-10-14
CUST00006,Iskandar Ismail,990608-15-9669,john39@example.org,+6014-1192619,Freelancer,6885.99,3.214523,101.714914,BR014,2017-05-08
CUST00007,Anitha a/l Muthu,791018-09-9201,spenceamanda@example.org,+6012-9517485,Teacher,15667.39,3.014848,101.612483,BR010,2017-10-12
CUST00008,Siti Kamal,790406-01-6310,josephbrennan@example.com,+6017-1326765,Teacher,7575.53,3.140257,101.658025,BR006,2026-02-20
CUST00009,Ahmad Hassan,011210-03-9727,jenniferross@example.net,+6012-3154051,Freelancer,11180.68,3.062506,101.742239,BR003,2022-12-30
CUST00010,Zhi Hao Goh,770527-12-8177,omartinez@example.org,+6018-8574680,Teacher,8252.41,3.079722,101.572403,BR007,2019-11-17
CUST00011,Zulaikha Hassan,841129-08-2104,briannasmith@example.net,+6010-6543670,Teacher,13824.97,3.111521,101.728081,BR001,2022-10-22
CUST00012,Nabila Bakar,661211-07-2545,heathchad@example.org,+6011-8231838,Sales Executive,16748.91,3.10407,101.557155,BR008,2019-04-13
CUST00013,Priya a/l Muthu,791008-04-5073,jenniferkhan@example.net,+6013-4191175,Doctor,3397.23,2.945972,101.693687,BR013,2021-03-22
CUST00014,Aina Rahman,940923-01-2528,glee@example.net,+6013-3790237,Civil Servant,3471.28,3.145448,101.676102,BR002,2020-10-21
CUST00015,Amir Abdullah,760903-15-5673,dshields@example.net,+6016-9164991,Nurse,8701.8,2.895917,101.69161,BR013,2023-01-12
CUST00016,Kumar a/p Govindasamy,871022-06-1931,powellmatthew@example.org,+6018-2344047,Consultant,2871.65,2.945226,101.797982,BR011,2018-12-25
CUST00017,Jia Hao Teh,650102-03-7868,ltaylor@example.com,+6019-9770838,Sales Executive,4369.41,3.081832,101.460642,BR008,2021-02-13
CUST00018,Yi Xuan Lee,990322-03-1152,ramosmichelle@example.net,+6017-2677407,Teacher,6270.6,3.017276,101.672231,BR010,2017-06-22
CUST00019,Haziq Hassan,880208-10-9666,novaksara@example.org,+6010-6022741,Freelancer,2707.17,2.892855,101.778329,BR012,2018-02-27
CUST00020,Naveen a/p Raman,791012-11-4335,michellebarrera@example.org,+6014-9479356,Architect,8609.59,3.021306,101.409124,BR009,2020-04-14
CUST00021,Xin Yi Tan,041005-09-3647,sara74@example.com,+6017-8175395,Doctor,2519.34,3.139906,101.665191,BR001,2023-06-18
CUST00022,Kumar a/l Krishnan,920109-10-6974,smoore@example.org,+6010-7003042,Accountant,12244.14,3.279456,101.529567,BR018,2026-03-08
CUST00023,Jun Wei Lee,840615-06-7755,adkinsbrian@example.net,+6010-4009172,Retail Manager,12940.56,3.112717,101.578362,BR008,2021-04-06
CUST00024,Deepa a/l Krishnan,010619-02-8711,brianromero@example.org,+6013-4348276,Consultant,4336.9,3.167068,101.573735,BR006,2017-03-07
CUST00025,Ahmad Hassan,581123-09-6753,richarddavid@example.net,+6018-7705490,Freelancer,4462.3,2.902734,101.701702,BR013,2018-12-16
CUST00026,Mei Chen Teh,850322-12-6139,barnesbrandy@example.net,+6016-9580255,Teacher,11056.67,2.994982,101.45764,BR009,2019-08-29
CUST00027,Wei Ling Goh,680714-07-6967,john62@example.net,+6016-2173965,Freelancer,4341.54,3.337701,101.631744,BR018,2022-12-14
CUST00028,Suresh a/l Naidu,780511-10-3085,smithchristine@example.net,+6013-8053918,Freelancer,18833.67,3.039942,101.59645,BR010,2026-06-16
CUST00029,Suresh a/p Suppiah,590227-07-8043,williamanderson@example.com,+6019-6406444,Architect,14134.09,3.353578,101.551746,BR018,2025-04-21
CUST00030,Iskandar Rahman,990618-11-2530,justin78@example.net,+6013-6207974,Accountant,5015.74,3.02357,101.635012,BR010,2019-07-10
CUST00031,Priya a/p Suppiah,040909-13-9099,contrerasangela@example.net,+6016-5093379,Nurse,3812.12,3.245845,101.738912,BR014,2017-07-13
CUST00032,Zhi Hao Lee,990528-04-8478,darrell18@example.org,+6012-8795419,Freelancer,6456.24,2.945868,101.850616,BR017,2019-03-21
CUST00033,Naveen a/p Suppiah,850927-16-8373,james48@example.com,+6014-5147994,Consultant,14255.6,3.311653,101.533554,BR018,2019-01-03
CUST00034,Aiman Bakar,001126-11-6238,davisrodney@example.com,+6018-2351868,Nurse,2801.66,3.130386,101.710624,BR003,2016-12-08
CUST00035,Amir Ibrahim,720304-07-7883,danagreen@example.net,+6016-1327691,Consultant,6514.92,2.997707,101.776812,BR011,2020-11-30
CUST00036,Yi Xuan Ong,901012-08-8999,rodriguezsierra@example.net,+6013-5579094,Civil Servant,5861.0,3.344258,101.582199,BR018,2025-07-15
CUST00037,Ravi a/p Suppiah,821011-13-1444,brandi26@example.org,+6011-8190929,Nurse,5136.05,3.15927,101.64559,BR005,2016-11-29
CUST00038,Aina Kamal,730923-14-5133,nolanjason@example.org,+6011-8890439,Software Engineer,3998.05,3.021341,101.772205,BR011,2023-03-02
CUST00039,Priya a/p Govindasamy,730307-07-1333,vdickson@example.org,+6019-3556551,Accountant,2752.44,3.156485,101.727519,BR002,2025-10-02
CUST00040,Xin Yi Chong,670502-04-3683,theresacochran@example.com,+6014-2813596,Lawyer,5591.85,3.147448,101.681295,BR006,2016-09-28
CUST00041,Zhi Hao Lim,920428-04-1672,kimberly63@example.com,+6015-9937982,Civil Servant,3823.04,3.030262,101.552753,BR008,2018-02-01
CUST00042,Cheng Wei Lim,900724-15-3506,ebrennan@example.org,+6016-3955087,Retail Manager,15390.95,3.253915,101.746444,BR014,2018-06-29
CUST00043,Cheng Wei Ong,010602-03-5569,kevin33@example.org,+6017-5091349,Engineer,3429.42,3.02569,101.413507,BR009,2023-02-05
CUST00044,Kai Xuan Lee,750603-11-5581,michelle45@example.net,+6019-5635017,Doctor,9027.36,3.172178,101.61764,BR016,2021-08-03
CUST00045,Cheng Wei Goh,890622-16-8342,sheila14@example.org,+6010-2561176,Business Owner,11674.47,3.093906,101.536841,BR008,2022-04-20
CUST00046,Cheng Wei Goh,040903-11-6764,rodriguezryan@example.net,+6017-5545223,Business Owner,3002.81,2.932809,101.90583,BR017,2024-05-11
CUST00047,Naveen a/p Govindasamy,770425-09-9595,cruzbarbara@example.com,+6019-5747930,Teacher,5536.86,3.102653,101.652994,BR006,2016-12-09
CUST00048,Nabila Ismail,770419-10-3068,michaeljones@example.net,+6017-2721135,Consultant,5495.19,2.995767,101.389501,BR009,2025-09-14
CUST00049,Ahmad Yusof,860827-16-2213,cortezkevin@example.com,+6019-1899411,Nurse,2798.4,3.16158,101.525561,BR016,2023-03-02
CUST00050,Hafiz Ibrahim,711022-15-5871,angela36@example.net,+6019-8194570,Business Owner,3637.26,3.103105,101.503463,BR008,2025-11-25
CUST00051,Iskandar Hassan,890512-06-2229,christinaturner@example.net,+6012-1044891,Civil Servant,3401.01,3.062244,101.40239,BR009,2024-10-31
CUST00052,Xin Yi Chan,700909-07-7965,russellcarpenter@example.net,+6011-4771676,Freelancer,2797.98,3.127558,101.797289,BR003,2019-09-20
CUST00053,Danish Yusof,770802-10-7594,williamleon@example.net,+6014-9396529,Doctor,4781.55,3.015322,101.614365,BR010,2018-03-11
CUST00054,Anitha a/l Naidu,590926-01-5415,clarence34@example.org,+6019-1674975,Engineer,6146.75,2.993642,101.411424,BR009,2024-07-24
CUST00055,Zulaikha Ibrahim,621112-14-6460,sanchezthomas@example.org,+6015-2754894,Consultant,13945.63,3.254009,101.57643,BR016,2021-01-18
CUST00056,Hui Min Tan,991021-04-7622,jennifercruz@example.com,+6018-1019311,Freelancer,8650.45,3.148466,101.690175,BR015,2018-12-08
CUST00057,Jun Wei Chan,880419-05-5719,staffordmichelle@example.org,+6017-9132114,Teacher,17591.76,3.221107,101.684035,BR015,2024-04-12
CUST00058,Aiman Abdullah,660609-04-8560,pwilliams@example.org,+6011-3583206,Architect,5521.52,3.307553,101.541793,BR018,2021-01-22
CUST00059,Cheng Wei Wong,950727-05-2143,stephanie79@example.net,+6014-7961578,Sales Executive,6277.08,3.198542,101.706666,BR015,2025-06-01
CUST00060,Suresh a/l Naidu,761031-16-6654,vmerritt@example.com,+6015-7328534,Architect,4365.7,3.242788,101.573481,BR016,2020-12-30
CUST00061,Vikram a/p Raman,930131-13-7325,katie87@example.net,+6012-9310235,Software Engineer,2752.49,3.154765,101.760161,BR014,2018-11-20
CUST00062,Jia Hao Goh,770628-05-2225,jimmy55@example.net,+6017-5446344,Sales Executive,5891.19,3.140605,101.676568,BR015,2017-04-20
CUST00063,Naveen a/p Suppiah,630114-16-9864,tbenson@example.org,+6010-2147909,Accountant,19969.11,3.006808,101.836104,BR011,2017-02-19
CUST00064,Amir Rahman,751116-01-1753,nperry@example.com,+6015-1941524,Business Owner,6007.4,3.142611,101.786387,BR004,2020-05-22
CUST00065,Ravi a/p Raman,931226-08-9153,gateskathy@example.com,+6019-3401116,Accountant,3422.3,3.090483,101.669617,BR006,2021-04-07
CUST00066,Xin Yi Goh,020820-10-7951,karen68@example.net,+6014-8664433,Consultant,3104.24,3.089931,101.678969,BR006,2023-11-04
CUST00067,Amir Kamal,950628-13-5497,tracynelson@example.com,+6010-1822825,Lawyer,3990.34,3.075164,101.592559,BR010,2016-10-14
CUST00068,Anitha a/p Raman,720420-05-2591,dramsey@example.org,+6010-6183033,Engineer,3381.65,3.069769,101.607446,BR007,2026-04-21
CUST00069,Kai Xuan Ong,820315-12-9697,qvargas@example.org,+6018-5572250,Consultant,7699.17,3.103653,101.659017,BR006,2017-05-02
CUST00070,Anitha a/l Muthu,761204-08-7511,qwhite@example.com,+6018-7136687,Teacher,4548.72,3.243043,101.676141,BR015,2019-10-08
CUST00071,Xin Yi Teh,780326-04-4830,kathleen64@example.com,+6017-1419843,Lawyer,4268.47,2.956156,101.711248,BR013,2019-01-07
CUST00072,Priya a/p Govindasamy,590804-14-2911,currybrett@example.com,+6012-1760793,Software Engineer,9166.3,3.237258,101.696434,BR015,2018-09-27
CUST00073,Amir Bakar,581205-14-3531,websterstefanie@example.org,+6016-2661307,Consultant,3478.69,2.934531,101.816664,BR012,2024-11-20
CUST00074,Anitha a/p Raman,860725-12-2627,davidcaldwell@example.net,+6015-7017548,Software Engineer,5164.33,3.187021,101.688127,BR015,2025-12-22
CUST00075,Iskandar Hassan,780930-05-4362,katie29@example.net,+6011-4475523,Lawyer,2931.9,3.109314,101.690671,BR001,2026-02-18
CUST00076,Kumar a/l Krishnan,910601-06-2801,tamirodriguez@example.org,+6010-3211291,Software Engineer,3216.48,3.160006,101.646355,BR005,2025-10-14
CUST00077,Aiman Abdullah,840414-03-8802,tsanders@example.org,+6017-7074006,Doctor,10658.6,3.133432,101.644579,BR005,2017-04-03
CUST00078,Nabila Yusof,900110-16-7580,curtisbarton@example.net,+6016-2811298,Architect,6052.47,3.208496,101.662362,BR015,2022-07-02
CUST00079,Ravi a/l Muthu,610719-11-7240,reedross@example.com,+6019-9901266,Business Owner,9190.14,3.082977,101.658029,BR005,2017-03-08
CUST00080,Alya Hassan,871116-11-8430,atkinsonlynn@example.org,+6016-7979148,Retail Manager,5993.67,3.198863,101.69527,BR014,2020-10-30
CUST00081,Iskandar Bakar,730809-14-2582,bzimmerman@example.org,+6015-3182975,Doctor,14740.2,3.063108,101.691877,BR003,2023-11-01
CUST00082,Amir Kamal,031009-10-6119,christina87@example.com,+6015-2738129,Lawyer,3514.83,3.243894,101.757189,BR014,2020-11-07
CUST00083,Hui Min Chong,920118-14-1430,marcus31@example.com,+6019-5487028,Software Engineer,6959.45,3.17709,101.771315,BR004,2025-04-24
CUST00084,Wei Ling Lee,670909-05-1502,qhudson@example.com,+6011-9900022,Accountant,6087.76,3.11447,101.628828,BR005,2019-11-10
CUST00085,Anitha a/l Naidu,800318-02-2336,hunter35@example.com,+6014-8434202,Freelancer,3348.03,3.148742,101.700704,BR003,2019-11-25
CUST00086,Priya a/l Krishnan,990707-16-9633,angela83@example.org,+6014-1761976,Accountant,6597.64,3.162034,101.751803,BR014,2018-11-28
CUST00087,Danish Ismail,751026-16-8055,hannahbrewer@example.com,+6012-3167376,Civil Servant,14704.68,3.022138,101.397729,BR009,2020-12-23
CUST00088,Jia Hao Ong,560510-03-6129,jeffrey34@example.net,+6019-8202195,Lawyer,6740.5,3.122105,101.665941,BR002,2022-04-24
CUST00089,Farah Ismail,790228-03-8155,ronald85@example.com,+6011-5082173,Civil Servant,6333.87,3.228895,101.774068,BR015,2023-07-11
CUST00090,Anitha a/p Raman,690115-04-9693,jerry35@example.org,+6018-4253164,Engineer,3198.75,3.023275,101.734148,BR011,2023-12-04
CUST00091,Muhammad Ismail,030115-03-3902,jamesrodgers@example.com,+6017-8783840,Engineer,16173.6,3.012173,101.458372,BR009,2023-09-28
CUST00092,Shalini a/l Krishnan,040429-15-5961,tina34@example.org,+6014-1942411,Sales Executive,3514.67,2.955366,101.733131,BR011,2020-02-08
CUST00093,Xin Yi Lim,700811-15-1672,joshuamccann@example.net,+6017-4158134,Sales Executive,6254.79,3.119733,101.744888,BR003,2019-06-02
CUST00094,Danish Kamal,020913-08-8172,agarcia@example.net,+6017-9792411,Doctor,5773.64,3.107792,101.702838,BR003,2019-05-04
CUST00095,Kai Xuan Teh,790607-03-6401,jack04@example.com,+6011-7485471,Business Owner,19572.92,3.160268,101.689517,BR002,2017-08-20
CUST00096,Farah Rahman,581006-13-3112,ojones@example.net,+6019-2421349,Business Owner,3617.84,3.152354,101.617445,BR005,2017-01-11
CUST00097,Naveen a/l Muthu,621215-10-3953,christopher31@example.net,+6013-6733317,Engineer,3472.54,3.205018,101.668838,BR014,2024-02-21
CUST00098,Jia Hao Goh,851024-02-6517,kimberlyjames@example.com,+6019-3198638,Lawyer,17976.14,3.353729,101.624632,BR018,2019-06-21
CUST00099,Nabila Bakar,841203-08-8277,ntorres@example.org,+6019-5780297,Engineer,6071.25,3.119363,101.69317,BR002,2022-08-04
CUST00100,Zhi Hao Chong,920702-13-9239,colleenbaker@example.org,+6018-8023963,Nurse,7304.41,3.188857,101.693867,BR015,2018-01-24
CUST00101,Iskandar Bakar,640309-04-5670,moorericky@example.net,+6011-3689594,Business Owner,3398.64,2.921996,101.736143,BR012,2022-06-08
CUST00102,Alya Bakar,700122-13-9224,keithcampbell@example.com,+6015-4955699,Civil Servant,4489.05,2.962638,101.775402,BR012,2017-03-17
CUST00103,Anitha a/p Raman,670303-16-3273,kristin93@example.com,+6017-8526283,Lawyer,2510.5,3.057387,101.69377,BR005,2017-08-23
CUST00104,Shalini a/l Naidu,660926-10-2996,rebekahserrano@example.org,+6010-5000351,Civil Servant,6679.84,3.162066,101.702763,BR014,2017-02-02
CUST00105,Naveen a/l Muthu,950216-10-8032,scott74@example.net,+6010-6919270,Accountant,16018.58,2.957813,101.870873,BR017,2020-07-09
CUST00106,Jia Hao Goh,690209-01-7397,mkim@example.org,+6017-1730386,Freelancer,5806.56,3.318292,101.637787,BR018,2025-05-23
CUST00107,Farah Hassan,920322-11-3185,anthony39@example.net,+6010-6910597,Doctor,17964.6,3.178051,101.791565,BR004,2026-01-02
CUST00108,Cheng Wei Lee,050623-15-1605,barbara27@example.net,+6014-4382135,Software Engineer,7600.27,3.060068,101.676019,BR005,2023-01-04
CUST00109,Vikram a/l Naidu,010420-07-5687,wendygraham@example.com,+6015-1802018,Consultant,5456.26,3.176631,101.61204,BR016,2026-03-09
CUST00110,Cheng Wei Ong,781230-16-7018,qcook@example.org,+6018-5474830,Engineer,2665.22,3.044313,101.786923,BR011,2025-01-27
CUST00111,Suresh a/l Krishnan,711227-10-8305,zroberts@example.net,+6019-8149041,Nurse,5730.41,3.103302,101.782229,BR004,2016-11-11
CUST00112,Vikram a/l Krishnan,591125-12-9406,marcus68@example.org,+6012-1522452,Nurse,4197.34,3.083059,101.688286,BR002,2023-01-27
CUST00113,Nur Kamal,820817-05-8371,hbrown@example.com,+6015-7241348,Architect,6508.73,2.903436,101.794553,BR012,2022-09-21
CUST00114,Xin Yi Wong,800602-13-2929,nwolf@example.com,+6014-5366937,Retail Manager,7987.28,3.097447,101.722534,BR004,2021-12-27
CUST00115,Muhammad Ismail,011118-15-2438,fgilmore@example.org,+6015-6828829,Retail Manager,2629.88,3.102115,101.794117,BR003,2016-10-13
CUST00116,Ravi a/l Krishnan,861231-05-4878,jennifercollins@example.org,+6017-1440972,Sales Executive,17643.94,2.919888,101.904385,BR017,2022-01-07
CUST00117,Zulaikha Rahman,600227-16-9612,murraydavid@example.org,+6016-7869154,Consultant,3649.8,3.086683,101.806803,BR003,2021-06-24
CUST00118,Cheng Wei Goh,910430-06-3114,robert77@example.org,+6016-9436654,Consultant,2610.83,2.87592,101.827464,BR012,2021-01-23
CUST00119,Farah Hassan,620923-10-2292,sandraromero@example.org,+6014-4293399,Freelancer,15500.27,2.964477,101.788476,BR012,2025-02-19
CUST00120,Priya a/l Naidu,690423-06-6531,ymorgan@example.net,+6019-1691125,Consultant,19382.56,3.145925,101.633138,BR006,2019-03-02
CUST00121,Zhi Hao Teh,550816-10-5949,mary97@example.org,+6017-5108369,Engineer,13442.53,3.216868,101.670354,BR014,2020-12-17
CUST00122,Siti Bakar,790918-05-6121,andrea86@example.com,+6015-6794356,Civil Servant,5796.89,3.202397,101.692194,BR014,2025-10-28
CUST00123,Aina Rahman,981223-02-5754,ashleyhall@example.com,+6016-8015136,Accountant,17761.73,3.039451,101.400356,BR009,2016-12-06
CUST00124,Anitha a/p Raman,920924-16-6055,qhughes@example.net,+6017-1388833,Teacher,4390.47,3.135812,101.624851,BR006,2026-04-21
CUST00125,Anitha a/l Muthu,800406-16-5681,martineztammy@example.com,+6018-1137194,Consultant,4968.77,3.105363,101.683259,BR002,2025-03-12
CUST00126,Kai Xuan Tan,990317-12-5728,dgarcia@example.org,+6011-7481857,Doctor,17903.74,2.872777,101.663671,BR013,2023-09-21
CUST00127,Shalini a/l Muthu,751230-11-6990,charlesharrington@example.com,+6012-4339637,Lawyer,3518.25,3.15866,101.627963,BR005,2019-11-18
CUST00128,Anitha a/p Suppiah,900217-05-6373,christianmelissa@example.net,+6019-6344047,Nurse,18111.22,2.94505,101.856758,BR017,2020-04-18
CUST00129,Hui Min Goh,710501-16-1272,cbrennan@example.net,+6015-6557278,Freelancer,11692.13,3.316402,101.58431,BR018,2017-03-06
CUST00130,Kumar a/l Naidu,870120-08-1841,wendy16@example.org,+6019-9060593,Nurse,7024.14,3.177952,101.599759,BR016,2024-02-06
CUST00131,Alya Hassan,900910-07-1310,wallaceheather@example.org,+6017-6262886,Civil Servant,12924.53,3.136845,101.696207,BR002,2016-12-15
CUST00132,Wei Ling Lee,950421-16-9609,michael62@example.org,+6016-6263895,Nurse,14555.28,2.918061,101.821407,BR017,2021-10-22
CUST00133,Suresh a/l Naidu,831017-10-4684,georgemiller@example.com,+6014-5848684,Retail Manager,6967.46,3.170031,101.548336,BR016,2022-09-10
CUST00134,Suresh a/l Krishnan,670716-13-6654,jesselittle@example.com,+6012-5872986,Software Engineer,6999.49,3.156643,101.767429,BR004,2019-01-18
CUST00135,Suresh a/p Govindasamy,551219-09-5450,rsantana@example.net,+6012-2832517,Lawyer,8609.19,3.17238,101.621426,BR016,2018-01-28
CUST00136,Iskandar Hassan,770801-16-2647,vanessa46@example.net,+6012-1086930,Doctor,5052.79,3.085778,101.649667,BR002,2018-12-30
CUST00137,Zhi Hao Ng,971005-03-4804,yvonnecastaneda@example.org,+6018-1625760,Nurse,3335.77,2.969902,101.731984,BR011,2018-11-13
CUST00138,Cheng Wei Lee,840204-04-6489,victoria40@example.net,+6014-8622712,Freelancer,19262.73,3.062629,101.556611,BR010,2020-06-14
CUST00139,Xin Yi Wong,551125-09-4050,lozanojulie@example.com,+6010-6655803,Engineer,10317.94,3.130396,101.791053,BR004,2024-04-02
CUST00140,Vikram a/p Suppiah,670101-04-4027,jeffery39@example.com,+6012-9010350,Sales Executive,4523.91,2.931097,101.830934,BR017,2023-04-10
CUST00141,Kai Xuan Ng,910718-08-2017,courtneyberger@example.net,+6011-8808032,Business Owner,19077.27,3.132122,101.693945,BR001,2016-11-21
CUST00142,Jia Hao Ng,941205-05-8834,rileyjessica@example.org,+6012-8633275,Retail Manager,5807.69,2.928492,101.750792,BR012,2025-08-04
CUST00143,Deepa a/p Raman,711031-12-2279,ithompson@example.net,+6019-2882551,Software Engineer,10425.88,3.110057,101.747542,BR003,2025-04-05
CUST00144,Siti Kamal,731015-16-2489,maria47@example.com,+6018-8473959,Engineer,12985.09,2.943412,101.866064,BR017,2023-12-18
CUST00145,Hafiz Bakar,720606-01-4570,mcdonaldcharles@example.org,+6019-2225232,Software Engineer,3347.39,3.046038,101.60522,BR010,2025-02-05
CUST00146,Haziq Bakar,910916-05-7887,zcoffey@example.net,+6015-7416943,Architect,12507.75,3.105983,101.630771,BR002,2020-02-26
CUST00147,Naveen a/p Raman,950112-13-9664,bakerdavid@example.com,+6012-4736121,Consultant,11580.36,2.874871,101.848054,BR012,2023-03-23
CUST00148,Naveen a/p Suppiah,890210-15-6671,xcarson@example.org,+6012-5624635,Accountant,9354.14,3.304449,101.542417,BR018,2023-03-31
CUST00149,Jun Wei Tan,790126-02-8314,rose31@example.net,+6019-1816653,Accountant,3981.08,3.041525,101.46833,BR008,2024-09-25
CUST00150,Siti Yusof,001219-11-6253,debra12@example.org,+6013-6062767,Nurse,6324.38,3.107439,101.547603,BR008,2025-12-16
CUST00151,Hafiz Ismail,700918-12-7244,pwilson@example.net,+6018-6347476,Retail Manager,12517.52,3.210138,101.67244,BR014,2017-11-07
CUST00152,Zhi Hao Wong,780306-15-1944,umatthews@example.org,+6018-7923579,Civil Servant,3614.57,3.060553,101.573592,BR010,2025-05-08
CUST00153,Jia Hao Chan,880329-07-1844,rgilbert@example.org,+6014-7327828,Freelancer,8873.41,2.872042,101.814332,BR012,2023-05-26
CUST00154,Naveen a/p Raman,660511-10-1251,xsampson@example.org,+6013-4188068,Retail Manager,2734.63,3.171829,101.631367,BR016,2026-04-22
CUST00155,Shalini a/p Govindasamy,731111-11-5637,bruce43@example.org,+6016-8822384,Doctor,5579.48,3.045525,101.552332,BR007,2025-12-26
CUST00156,Jia Hao Chan,960915-14-1749,batesdarlene@example.net,+6019-4712363,Retail Manager,19217.1,3.037892,101.771147,BR011,2026-03-17
CUST00157,Vikram a/l Krishnan,580109-08-9180,john29@example.org,+6018-6663388,Business Owner,16682.7,3.074456,101.607361,BR005,2017-03-07
CUST00158,Cheng Wei Lee,931003-16-4015,brendali@example.org,+6018-1985360,Doctor,19342.26,2.880345,101.813795,BR012,2019-10-13
CUST00159,Danish Abdullah,621115-03-3474,ramireztracey@example.org,+6010-4669507,Doctor,15652.74,3.16491,101.74583,BR014,2021-11-24
CUST00160,Cheng Wei Tan,950604-01-9673,guerreroanthony@example.org,+6014-9988193,Business Owner,2534.29,3.161382,101.700455,BR001,2020-01-29
CUST00161,Haziq Rahman,941202-09-6807,alfred40@example.org,+6014-7658817,Teacher,14780.03,2.911743,101.804674,BR017,2023-11-30
CUST00162,Aiman Rahman,811019-16-1919,alvarezkimberly@example.net,+6010-3875339,Teacher,17412.52,3.085054,101.655823,BR002,2022-06-07
CUST00163,Haziq Abdullah,780204-16-5441,soniawilliams@example.net,+6010-2247353,Freelancer,4351.17,3.042102,101.564775,BR008,2021-09-16
CUST00164,Haziq Kamal,780526-13-2260,browntimothy@example.com,+6014-3725462,Lawyer,12669.88,3.207789,101.722541,BR001,2020-10-04
CUST00165,Yi Xuan Lee,601122-02-2600,fjones@example.com,+6016-4894730,Consultant,15366.38,3.107386,101.803626,BR003,2022-07-31
CUST00166,Kai Xuan Tan,581012-08-6829,claudia98@example.net,+6018-7298619,Civil Servant,12560.87,3.075554,101.439284,BR009,2019-09-30
CUST00167,Zhi Hao Lim,050324-05-7383,shawn96@example.org,+6015-7051545,Teacher,7800.36,3.082216,101.728915,BR003,2024-06-05
CUST00168,Siti Rahman,610320-14-2692,russellbeasley@example.com,+6010-2503554,Sales Executive,6589.24,3.128538,101.630163,BR006,2019-11-20
CUST00169,Aiman Ibrahim,780304-08-9537,ublair@example.com,+6012-7387623,Nurse,2777.68,2.95148,101.684164,BR013,2019-08-15
CUST00170,Amir Yusof,680329-12-5123,gloriawells@example.org,+6013-9318184,Lawyer,3733.34,3.182452,101.764933,BR014,2024-10-24
CUST00171,Kai Xuan Teh,600227-11-8055,garnernathan@example.org,+6019-3283789,Business Owner,7815.48,2.954173,101.634472,BR013,2022-01-22
CUST00172,Amir Kamal,841026-08-6339,elizabeth65@example.net,+6016-5702656,Consultant,4071.73,3.047292,101.635007,BR010,2025-11-27
CUST00173,Naveen a/p Raman,760823-07-8183,schmittcaroline@example.com,+6014-2160289,Consultant,4195.58,3.266356,101.604962,BR018,2017-07-13
CUST00174,Suresh a/p Raman,801112-13-2211,dianewalker@example.org,+6017-9040224,Lawyer,19044.71,3.062053,101.472557,BR009,2019-12-30
CUST00175,Hui Min Tan,830424-03-2791,farmeraudrey@example.com,+6013-6956059,Nurse,19803.3,2.937898,101.825358,BR012,2024-12-12
CUST00176,Vikram a/l Krishnan,040323-08-9366,lynchdiane@example.net,+6018-4708297,Architect,16154.67,3.161499,101.678942,BR014,2019-03-03
CUST00177,Ravi a/l Krishnan,640707-03-2901,sandra50@example.org,+6012-6843985,Business Owner,7244.94,3.156037,101.685884,BR001,2025-03-12
CUST00178,Jia Hao Chan,831024-04-1370,vjones@example.net,+6015-2834801,Freelancer,16885.87,3.173423,101.696192,BR015,2026-03-20
CUST00179,Hafiz Ismail,600131-08-7636,nicholaschavez@example.org,+6012-4127053,Freelancer,3814.62,2.99957,101.845032,BR011,2020-03-12
CUST00180,Jun Wei Ong,910730-09-2025,wareeric@example.net,+6019-2707116,Engineer,5154.36,2.867727,101.620048,BR013,2016-12-28
CUST00181,Aiman Bakar,590729-13-7431,fstanley@example.net,+6019-2916496,Sales Executive,10070.33,3.000069,101.819944,BR017,2020-11-30
CUST00182,Suresh a/l Naidu,690225-08-6003,reeddaniel@example.net,+6011-4070977,Sales Executive,3886.87,3.125906,101.720516,BR003,2023-04-13
CUST00183,Vikram a/p Suppiah,791030-06-3733,brandon69@example.org,+6017-5845843,Nurse,7446.95,3.134559,101.627699,BR006,2016-07-28
CUST00184,Aina Ismail,700726-16-7703,katrinaduran@example.com,+6017-7973121,Retail Manager,4179.78,3.090777,101.643407,BR007,2019-10-11
CUST00185,Aiman Abdullah,551119-15-9115,ythompson@example.net,+6018-9569902,Teacher,5437.61,3.015153,101.418934,BR009,2023-07-14
CUST00186,Kumar a/p Govindasamy,800705-04-5055,charles06@example.org,+6014-1540736,Architect,3025.63,3.198011,101.782868,BR015,2021-02-03
CUST00187,Nur Kamal,590523-07-4390,barbara96@example.net,+6010-6885707,Doctor,11883.84,3.16799,101.684049,BR014,2022-11-24
CUST00188,Xin Yi Teh,691221-04-3221,usmith@example.org,+6016-1994652,Business Owner,4234.1,3.093808,101.447312,BR009,2024-07-05
CUST00189,Nabila Kamal,860527-16-3329,christopher13@example.com,+6019-5508325,Freelancer,3328.45,3.101567,101.540654,BR008,2022-05-21
CUST00190,Hui Min Ng,810911-01-2526,vharrell@example.com,+6017-7009980,Consultant,6370.49,2.911202,101.784597,BR012,2018-09-17
CUST00191,Aina Yusof,940615-05-8951,dixondaniel@example.net,+6015-1812172,Software Engineer,2699.15,3.028597,101.767005,BR011,2018-06-08
CUST00192,Aina Bakar,940423-05-5945,jessica23@example.org,+6012-5597283,Teacher,12462.13,3.211072,101.702524,BR001,2017-12-16
CUST00193,Ahmad Ibrahim,650511-14-2494,kathleenrios@example.org,+6011-1018225,Accountant,10714.29,3.046331,101.650384,BR010,2026-01-04
CUST00194,Wei Ling Tan,861123-14-3165,wwebster@example.net,+6017-2188301,Accountant,7057.67,3.027382,101.848765,BR011,2020-12-25
CUST00195,Xin Yi Lee,010914-05-3340,michelle52@example.com,+6011-9900451,Lawyer,13281.19,2.950863,101.687724,BR013,2017-03-06
CUST00196,Iskandar Ismail,770810-07-2420,laura90@example.com,+6011-3349030,Engineer,7055.03,3.216649,101.722157,BR014,2021-07-27
CUST00197,Mei Chen Wong,710106-10-1439,xjohnson@example.com,+6014-4446807,Doctor,12701.01,3.060535,101.413843,BR009,2017-04-06
CUST00198,Danish Hassan,980916-03-9655,gilbertwilliam@example.com,+6010-7058222,Sales Executive,7512.85,3.190963,101.547652,BR016,2022-04-19
CUST00199,Ravi a/p Suppiah,030318-09-4534,colelisa@example.net,+6010-2014499,Engineer,5502.71,3.05505,101.689636,BR003,2018-05-18
CUST00200,Yi Xuan Lim,850930-03-6077,susanhayes@example.com,+6011-9578269,Accountant,11921.0,3.321571,101.532739,BR018,2026-04-27
CUST00201,Priya a/l Krishnan,590918-02-5005,benjaminzimmerman@example.com,+6011-8289425,Teacher,11711.48,3.22896,101.772954,BR014,2021-09-26
CUST00202,Ravi a/l Muthu,851226-06-9133,nathan46@example.com,+6015-9774573,Doctor,4065.97,3.180376,101.73693,BR001,2024-03-29
CUST00203,Suresh a/p Govindasamy,890610-14-5456,mccormickdeborah@example.org,+6018-2071594,Business Owner,6518.28,3.178044,101.702837,BR004,2019-10-17
CUST00204,Anitha a/l Muthu,830525-06-5179,umitchell@example.net,+6011-2934976,Accountant,3981.56,3.24215,101.538325,BR016,2026-02-20
CUST00205,Ahmad Bakar,850819-02-7870,mathewaguilar@example.org,+6013-6398941,Accountant,3332.51,2.903449,101.742113,BR012,2025-08-30
CUST00206,Anitha a/l Muthu,710103-08-9450,tanderson@example.org,+6010-7726402,Teacher,7531.11,2.968438,101.787168,BR017,2019-08-04
CUST00207,Jia Hao Goh,740501-10-4974,lisa81@example.net,+6017-7178606,Lawyer,17310.63,3.139807,101.683672,BR015,2023-03-15
CUST00208,Deepa a/p Raman,801202-12-1157,coxhenry@example.org,+6015-1024528,Engineer,3814.61,3.204646,101.651752,BR001,2019-11-30
CUST00209,Hafiz Hassan,931021-05-5584,jeremytaylor@example.org,+6011-1736524,Accountant,6319.16,3.203238,101.674076,BR014,2019-06-15
CUST00210,Jia Hao Teh,941126-13-2226,stanleynancy@example.net,+6019-2044933,Civil Servant,4957.48,3.149287,101.779249,BR004,2017-10-21
CUST00211,Kai Xuan Chong,740502-07-3230,henryschwartz@example.net,+6019-2828260,Nurse,2711.32,3.168347,101.667835,BR015,2024-08-02
CUST00212,Anitha a/p Raman,631010-04-2481,xwilliams@example.net,+6012-6103880,Consultant,6611.56,3.172277,101.69176,BR015,2023-09-10
CUST00213,Muhammad Hassan,031223-10-5262,karen73@example.net,+6012-1521470,Civil Servant,4209.2,2.904883,101.7294,BR012,2018-11-20
CUST00214,Jia Hao Lee,031011-08-3141,mmckee@example.com,+6013-7720647,Sales Executive,9008.47,3.095939,101.80353,BR004,2023-04-12
CUST00215,Jia Hao Tan,840107-05-2506,smurray@example.com,+6015-3055673,Software Engineer,4677.23,3.074624,101.762352,BR003,2021-07-11
CUST00216,Vikram a/p Suppiah,760606-12-4517,lisasolis@example.org,+6012-5613428,Business Owner,15369.28,3.145222,101.702381,BR001,2025-03-24
CUST00217,Iskandar Yusof,580207-02-2437,jsawyer@example.org,+6014-7425930,Nurse,3338.47,3.193786,101.586572,BR016,2023-08-11
CUST00218,Naveen a/l Muthu,810417-16-6636,mitchellkathryn@example.com,+6019-9428760,Sales Executive,3276.76,2.951777,101.638189,BR013,2020-12-27
CUST00219,Haziq Yusof,810301-12-4813,odavis@example.com,+6012-2679975,Accountant,17795.42,3.162368,101.667441,BR002,2025-05-05
CUST00220,Danish Hassan,020108-06-3885,gbrown@example.com,+6013-6335227,Engineer,15098.75,2.905603,101.698543,BR013,2018-11-08
CUST00221,Anitha a/l Naidu,050323-16-9882,jeffrey51@example.net,+6014-3945353,Architect,2575.93,3.114123,101.602109,BR005,2022-12-30
CUST00222,Kavitha a/l Muthu,950124-05-6582,benjaminlowery@example.com,+6012-6428919,Software Engineer,2543.83,3.038278,101.749872,BR011,2023-06-16
CUST00223,Anitha a/l Muthu,620608-04-6514,awest@example.org,+6014-6412383,Nurse,13242.42,2.938212,101.806482,BR012,2016-09-07
CUST00224,Kai Xuan Lee,660412-12-4657,anaacosta@example.net,+6019-3941912,Civil Servant,9528.18,3.338425,101.630309,BR018,2020-09-23
CUST00225,Nabila Ibrahim,940422-08-2705,kevinwilliams@example.com,+6017-3359604,Sales Executive,3990.69,3.09463,101.648149,BR002,2022-11-20
CUST00226,Priya a/p Govindasamy,860821-08-2110,rodriguezrebecca@example.net,+6015-5306005,Engineer,12631.25,2.98733,101.757886,BR011,2021-11-09
CUST00227,Mei Chen Ong,870204-13-2661,jennifercarter@example.org,+6017-4784650,Nurse,3402.57,3.244573,101.561499,BR016,2022-08-23
CUST00228,Xin Yi Lim,670711-06-2228,qlopez@example.org,+6018-2562037,Sales Executive,3688.06,3.090198,101.792766,BR003,2021-09-24
CUST00229,Mei Chen Teh,730711-07-4112,myerstheodore@example.net,+6016-5450404,Freelancer,8595.63,3.16703,101.679275,BR014,2020-05-13
CUST00230,Kavitha a/p Raman,740228-10-8869,kellycarlos@example.org,+6013-2627170,Software Engineer,6733.67,3.113954,101.6619,BR002,2023-10-29
CUST00231,Aiman Ibrahim,861128-03-9914,dennis58@example.com,+6016-4101792,Sales Executive,5792.91,3.202121,101.600444,BR016,2024-08-18
CUST00232,Cheng Wei Ng,640401-05-2584,epollard@example.net,+6011-6767862,Engineer,15076.72,3.109741,101.526576,BR008,2018-04-26
CUST00233,Alya Ibrahim,620328-16-4860,mjohnson@example.org,+6017-6013906,Teacher,8416.74,2.940903,101.847864,BR017,2024-05-28
CUST00234,Shalini a/p Govindasamy,991015-06-3738,sarah86@example.net,+6013-4233407,Nurse,2585.35,3.066249,101.67363,BR005,2021-03-25
CUST00235,Ravi a/l Naidu,570429-03-2425,justinatkins@example.org,+6016-7666510,Doctor,3152.25,3.025413,101.474048,BR009,2025-02-25
CUST00236,Shalini a/l Naidu,720203-05-3428,lloydsamuel@example.com,+6019-2681144,Teacher,11433.11,2.980153,101.794691,BR017,2023-12-06
CUST00237,Yi Xuan Ng,000324-16-1613,lmorgan@example.com,+6012-5620682,Civil Servant,2787.71,2.938034,101.664954,BR013,2023-06-02
CUST00238,Kai Xuan Wong,731111-12-1331,laurie61@example.com,+6015-6084418,Business Owner,3060.69,3.155568,101.723902,BR002,2022-07-09
CUST00239,Siti Yusof,960812-14-2462,manuel15@example.net,+6013-8410774,Accountant,13813.52,3.222625,101.698782,BR015,2019-06-14
CUST00240,Wei Ling Goh,771016-13-3222,cjackson@example.com,+6018-1485669,Nurse,2885.53,3.08904,101.649344,BR006,2020-12-19
CUST00241,Aina Abdullah,911102-15-9275,christina64@example.net,+6016-3078241,Freelancer,2561.13,2.938223,101.757687,BR012,2026-04-19
CUST00242,Jun Wei Goh,021122-09-2480,lambertrichard@example.net,+6014-1460542,Civil Servant,2599.3,2.899262,101.828545,BR012,2024-07-04
CUST00243,Iskandar Hassan,890620-01-1145,thomascathy@example.com,+6017-3219862,Freelancer,10685.24,3.031736,101.573724,BR007,2016-11-04
CUST00244,Xin Yi Ong,581109-07-8646,michael90@example.net,+6014-9734854,Consultant,8088.17,2.959309,101.650746,BR013,2018-01-11
CUST00245,Hui Min Teh,771228-03-6509,nathan19@example.org,+6014-6454894,Consultant,19426.25,3.000114,101.569036,BR010,2021-10-16
CUST00246,Zhi Hao Lee,750526-13-6236,john10@example.net,+6012-1427068,Freelancer,5534.62,2.9784,101.893644,BR017,2018-05-10
CUST00247,Wei Ling Teh,810520-16-6873,greenjorge@example.com,+6018-6036433,Consultant,6801.65,3.039745,101.611922,BR007,2018-08-22
CUST00248,Aina Ismail,860202-06-6499,igonzalez@example.org,+6011-4728795,Sales Executive,7550.01,3.069245,101.452921,BR009,2021-01-06
CUST00249,Xin Yi Teh,000606-02-2166,zosborn@example.net,+6017-4263903,Doctor,6882.44,3.017982,101.570252,BR010,2026-03-04
CUST00250,Alya Ismail,041028-15-3346,jenna88@example.com,+6015-4025884,Engineer,5664.2,3.160527,101.621522,BR005,2025-05-30
CUST00251,Kumar a/l Muthu,980124-06-3595,laurahicks@example.org,+6017-2477088,Nurse,6717.21,3.168517,101.754134,BR015,2026-05-07
CUST00252,Wei Ling Tan,950206-01-6279,kristyjohnson@example.net,+6018-4197346,Software Engineer,10985.88,3.285004,101.560448,BR018,2022-03-21
CUST00253,Xin Yi Lee,781113-06-2069,cherylmiller@example.com,+6010-6003003,Business Owner,6321.01,3.136111,101.773147,BR004,2020-06-23
CUST00254,Ravi a/l Krishnan,910506-13-1313,xfox@example.com,+6013-4763487,Retail Manager,8262.96,3.188084,101.541033,BR016,2024-09-23
CUST00255,Muhammad Kamal,590308-02-1785,dawn77@example.net,+6011-1331211,Software Engineer,12563.05,3.115507,101.688639,BR002,2021-09-01
CUST00256,Cheng Wei Lee,611129-10-7895,katrinaanderson@example.net,+6011-9729340,Business Owner,3745.6,3.077802,101.601481,BR007,2025-08-08
CUST00257,Shalini a/l Muthu,580408-07-4272,holmeskevin@example.org,+6014-9776935,Accountant,9924.48,2.980172,101.568805,BR010,2019-09-21
CUST00258,Zhi Hao Chan,901218-03-2809,stacey84@example.org,+6019-9289690,Nurse,8900.58,2.964398,101.726149,BR011,2019-01-01
CUST00259,Haziq Yusof,870402-09-8606,david49@example.net,+6010-2674515,Consultant,11486.81,3.068624,101.578499,BR008,2017-06-06
CUST00260,Yi Xuan Lim,870719-01-3267,georgeweber@example.net,+6012-6514013,Sales Executive,11219.71,3.186673,101.811062,BR004,2019-11-15
CUST00261,Farah Kamal,010910-15-5453,bryananthony@example.org,+6016-9023619,Engineer,3343.48,3.094252,101.610461,BR006,2025-12-25
CUST00262,Kumar a/p Raman,940118-15-3969,debra96@example.net,+6019-7371160,Engineer,16213.57,3.139622,101.773408,BR004,2022-11-20
CUST00263,Aina Bakar,800525-03-5286,dawn47@example.org,+6015-1207369,Retail Manager,16923.49,3.190602,101.754544,BR004,2024-07-17
CUST00264,Deepa a/p Govindasamy,890929-04-8091,shawn02@example.com,+6013-9085438,Sales Executive,9783.85,2.995165,101.811063,BR011,2020-08-26
CUST00265,Kumar a/l Muthu,780920-16-3709,catherine55@example.net,+6011-9248484,Sales Executive,2981.78,3.136602,101.619139,BR006,2026-05-18
CUST00266,Vikram a/p Suppiah,721006-15-2442,xanderson@example.net,+6017-8500558,Sales Executive,2737.41,3.027768,101.511484,BR008,2022-02-10
CUST00267,Yi Xuan Tan,710615-10-9328,cmartinez@example.org,+6018-4470388,Freelancer,3842.95,3.322808,101.617369,BR018,2017-11-26
CUST00268,Alya Bakar,580110-16-6952,alin@example.org,+6017-2912994,Teacher,12096.29,2.999603,101.802454,BR011,2026-02-14
CUST00269,Hui Min Goh,000811-06-9067,sarah53@example.org,+6012-7865417,Teacher,5185.73,2.937948,101.729001,BR012,2021-06-24
CUST00270,Aina Hassan,810326-04-8381,fkoch@example.org,+6017-9459031,Nurse,16834.57,2.950696,101.776648,BR011,2017-05-24
CUST00271,Jun Wei Chan,750227-06-3103,nlevy@example.net,+6011-7499587,Freelancer,7589.44,2.980087,101.894963,BR017,2020-01-10
CUST00272,Jun Wei Wong,580109-10-8419,pharper@example.net,+6012-3318275,Civil Servant,14147.54,3.033859,101.425746,BR009,2021-03-15
CUST00273,Anitha a/p Govindasamy,820501-10-6657,jordannicole@example.net,+6012-3983202,Doctor,6729.07,3.331833,101.5388,BR018,2020-02-26
CUST00274,Kavitha a/l Naidu,750829-10-7920,moralesashley@example.org,+6010-9769953,Teacher,2550.54,3.222937,101.778912,BR014,2020-02-14
CUST00275,Mei Chen Ng,691204-10-4342,wgordon@example.net,+6018-1542011,Sales Executive,18416.42,3.006676,101.390444,BR009,2019-04-17
CUST00276,Deepa a/p Govindasamy,041213-10-1769,andersoncolin@example.com,+6016-7502088,Civil Servant,11751.85,3.305488,101.577773,BR018,2024-06-11
CUST00277,Ahmad Yusof,720613-15-4695,kari39@example.net,+6015-4296204,Engineer,13385.78,3.069734,101.620414,BR007,2020-07-05
CUST00278,Siti Ismail,570705-09-5329,taylormason@example.com,+6012-3699938,Lawyer,4192.03,2.908549,101.785654,BR017,2021-09-09
CUST00279,Siti Kamal,621211-10-9037,markaustin@example.org,+6019-7007679,Teacher,4068.06,3.158585,101.686759,BR002,2020-06-04
CUST00280,Priya a/l Naidu,860428-03-6724,brittney88@example.net,+6013-4579482,Freelancer,10621.34,3.126911,101.627656,BR006,2021-05-24
CUST00281,Kavitha a/l Naidu,830823-08-4994,xcabrera@example.com,+6010-6384429,Civil Servant,12630.51,3.116248,101.692242,BR001,2023-03-27
CUST00282,Suresh a/l Muthu,040628-15-8975,laura09@example.com,+6010-5973336,Freelancer,2885.02,2.984523,101.827681,BR017,2019-02-24
CUST00283,Naveen a/l Muthu,880411-07-7950,jennifersilva@example.org,+6011-4449052,Doctor,7575.23,3.076033,101.760281,BR003,2021-09-27
CUST00284,Priya a/p Govindasamy,910722-02-2433,rhernandez@example.org,+6011-1910467,Nurse,4088.43,3.055814,101.668562,BR005,2016-10-23
CUST00285,Yi Xuan Ong,021128-01-7381,leescott@example.com,+6011-9973031,Software Engineer,17071.53,3.207078,101.712881,BR015,2018-01-04
CUST00286,Nabila Rahman,900108-10-2417,nshaw@example.com,+6014-8342987,Civil Servant,13687.85,2.962375,101.736588,BR012,2025-03-23
CUST00287,Siti Ibrahim,920415-10-7113,thorntonapril@example.net,+6010-3371859,Teacher,12728.98,3.295336,101.59325,BR018,2019-09-30
CUST00288,Aiman Hassan,880810-05-3637,ledwards@example.com,+6012-4704207,Lawyer,10176.3,2.884936,101.83709,BR012,2025-08-13
CUST00289,Alya Bakar,720811-09-2608,erica49@example.com,+6013-9173698,Sales Executive,6849.53,3.271353,101.597982,BR018,2018-06-02
CUST00290,Priya a/p Raman,671028-10-3496,jeffrey44@example.net,+6019-7115185,Engineer,3132.67,2.991571,101.765822,BR011,2018-07-27
CUST00291,Nabila Ibrahim,900930-11-8863,timothy84@example.com,+6017-8471866,Sales Executive,9305.99,3.081669,101.39953,BR009,2017-09-18
CUST00292,Priya a/l Krishnan,890430-03-2235,zhuang@example.com,+6010-9509040,Freelancer,12861.61,3.149602,101.603139,BR005,2026-01-16
CUST00293,Haziq Abdullah,950923-16-3435,bobby15@example.com,+6015-7585029,Accountant,4282.88,3.291621,101.625927,BR018,2023-01-21
CUST00294,Hui Min Goh,921111-08-3717,jamesryan@example.net,+6018-3355029,Architect,2818.44,3.096142,101.744272,BR003,2023-06-17
CUST00295,Kavitha a/l Krishnan,620512-03-5331,johnsantiago@example.net,+6015-4926181,Software Engineer,6312.6,3.098602,101.669447,BR002,2018-10-02
CUST00296,Cheng Wei Tan,670220-09-5314,gutierrezjennifer@example.org,+6019-3916715,Civil Servant,3807.35,3.180956,101.648884,BR002,2023-04-23
CUST00297,Suresh a/p Suppiah,620515-12-8976,richarddonovan@example.com,+6017-1110690,Doctor,10759.89,3.07507,101.500008,BR008,2021-04-09
CUST00298,Suresh a/p Raman,650620-04-4773,manuel01@example.net,+6016-6540252,Retail Manager,13748.25,3.073452,101.62398,BR005,2022-03-28
CUST00299,Iskandar Ibrahim,820403-06-3207,gentrygregory@example.org,+6018-1657513,Lawyer,19069.36,3.130189,101.664823,BR001,2025-11-01
CUST00300,Jun Wei Teh,570424-10-2404,lfrench@example.net,+6013-8536381,Lawyer,7535.56,3.19882,101.740258,BR001,2026-02-12
CUST00301,Ravi a/l Naidu,011019-06-6614,smithashley@example.org,+6017-2154992,Accountant,8198.75,3.14932,101.624358,BR006,2025-10-12
CUST00302,Vikram a/p Raman,720331-02-9706,ihays@example.net,+6018-2971598,Teacher,3464.48,3.113827,101.812485,BR004,2021-06-08
CUST00303,Vikram a/l Naidu,020604-14-4759,znelson@example.org,+6017-7396087,Sales Executive,17138.47,3.190087,101.672007,BR014,2019-10-20
CUST00304,Priya a/p Suppiah,920120-03-5641,jennifer05@example.com,+6019-7855954,Business Owner,17473.07,3.080761,101.67472,BR005,2022-03-05
CUST00305,Priya a/l Naidu,930512-11-7698,cherylfowler@example.com,+6015-2788169,Nurse,11135.63,3.14439,101.674569,BR001,2024-10-06
CUST00306,Jun Wei Chong,810405-07-7770,moralescody@example.org,+6018-9094465,Nurse,6442.19,3.098067,101.432609,BR009,2021-04-09
CUST00307,Anitha a/p Govindasamy,020415-04-4764,greenjoe@example.com,+6017-3714471,Teacher,12061.25,2.94679,101.700526,BR013,2026-01-14
CUST00308,Kumar a/p Raman,700805-03-3381,greenmichael@example.org,+6017-8304421,Teacher,2628.16,2.971524,101.593712,BR013,2017-02-11
CUST00309,Vikram a/p Suppiah,610529-02-3871,erik84@example.net,+6017-8364728,Software Engineer,6799.09,2.926616,101.901669,BR017,2017-09-01
CUST00310,Ahmad Hassan,010421-01-3579,michael33@example.org,+6011-5629452,Engineer,3298.87,3.154813,101.605368,BR006,2021-04-11
CUST00311,Kumar a/p Govindasamy,780331-12-6693,robert87@example.net,+6014-4796608,Lawyer,4426.11,3.152616,101.750234,BR003,2024-07-07
CUST00312,Mei Chen Ong,961010-10-6570,erinlarson@example.org,+6011-9611521,Business Owner,14898.73,2.907156,101.789646,BR017,2021-10-01
CUST00313,Yi Xuan Teh,811127-15-8548,christian91@example.org,+6019-1458868,Architect,2732.54,3.232486,101.612566,BR016,2024-10-13
CUST00314,Deepa a/l Krishnan,000822-01-5314,ashleyhernandez@example.com,+6013-5819919,Teacher,12103.91,3.253337,101.731475,BR014,2025-01-15
CUST00315,Aina Kamal,770803-06-4115,jenniferburns@example.net,+6017-4349848,Accountant,3970.86,2.885675,101.795366,BR012,2020-12-13
CUST00316,Alya Kamal,580412-03-9071,williambryant@example.org,+6019-1111126,Engineer,7852.98,3.137456,101.593516,BR005,2022-01-31
CUST00317,Anitha a/p Suppiah,890218-09-7518,jennifer64@example.org,+6013-3151610,Software Engineer,3551.47,3.043906,101.506392,BR009,2023-12-15
CUST00318,Anitha a/p Suppiah,840530-15-6171,hendersonisabella@example.net,+6010-1198306,Freelancer,11905.23,3.131373,101.575278,BR006,2026-06-09
CUST00319,Mei Chen Goh,020324-11-6995,andersenthomas@example.com,+6012-9367972,Civil Servant,6952.49,3.016483,101.441898,BR009,2020-08-01
CUST00320,Cheng Wei Lee,931211-04-5422,ybrooks@example.com,+6013-8251427,Consultant,3261.77,3.159113,101.664683,BR005,2025-03-11
CUST00321,Wei Ling Lee,001101-11-8972,qmiller@example.net,+6014-5210645,Doctor,4217.0,3.204057,101.791696,BR014,2017-10-28
CUST00322,Nur Yusof,980706-11-5256,whiteamanda@example.net,+6015-7044941,Doctor,7335.06,3.239946,101.529452,BR016,2017-10-08
CUST00323,Farah Hassan,040607-12-6326,avilatiffany@example.com,+6018-9178787,Engineer,7613.71,3.282315,101.611637,BR018,2023-03-26
CUST00324,Mei Chen Lee,820920-13-2168,pmorrow@example.com,+6011-3717900,Sales Executive,5609.07,2.984648,101.801518,BR011,2019-12-16
CUST00325,Vikram a/l Krishnan,690412-15-7782,johnsondonna@example.net,+6012-4085098,Consultant,15944.27,3.223376,101.776456,BR015,2024-02-27
CUST00326,Priya a/p Raman,990908-16-9985,allencarlos@example.net,+6010-1442329,Engineer,7177.49,3.12487,101.572158,BR006,2016-10-30
CUST00327,Ravi a/l Muthu,850521-10-8260,sanchezbradley@example.com,+6012-3202464,Doctor,4600.0,2.900691,101.624146,BR013,2018-11-03
CUST00328,Cheng Wei Goh,660511-06-8480,taylorvictoria@example.org,+6019-8297709,Doctor,6368.24,3.050148,101.399631,BR009,2024-08-27
CUST00329,Deepa a/l Muthu,920127-05-5973,barbara53@example.com,+6010-1001549,Doctor,7467.81,3.172229,101.710263,BR015,2025-04-04
CUST00330,Kumar a/p Govindasamy,041012-01-8052,roberthill@example.net,+6014-4879150,Engineer,12940.83,3.25162,101.577317,BR016,2025-12-24
CUST00331,Yi Xuan Wong,990626-13-4614,conniesimmons@example.com,+6014-2328918,Civil Servant,17599.51,3.159237,101.641352,BR006,2016-12-18
CUST00332,Suresh a/l Krishnan,720919-03-3988,ufloyd@example.net,+6012-5858602,Teacher,11265.61,3.350885,101.565451,BR018,2020-08-28
CUST00333,Zhi Hao Chong,621216-01-4046,iwhite@example.com,+6011-5733096,Business Owner,2750.08,3.120295,101.770647,BR001,2018-11-27
CUST00334,Ahmad Bakar,661006-16-7084,lindamelendez@example.net,+6017-1532460,Sales Executive,7126.99,3.039609,101.561414,BR007,2020-08-15
CUST00335,Jia Hao Goh,760427-09-7251,paulscott@example.com,+6010-3046175,Engineer,3929.37,3.168879,101.629942,BR016,2022-12-18
CUST00336,Kumar a/p Raman,010810-07-8746,christopher30@example.com,+6016-6236326,Sales Executive,16936.69,3.21844,101.670258,BR015,2020-04-07
CUST00337,Priya a/l Krishnan,850929-02-4568,russojacob@example.net,+6011-4958849,Freelancer,17532.68,3.218275,101.542327,BR016,2023-09-27
CUST00338,Amir Hassan,830610-16-3539,vclark@example.com,+6015-2501223,Accountant,15423.74,3.208585,101.721792,BR001,2026-01-24
CUST00339,Ahmad Kamal,560406-05-8992,suzannewilson@example.com,+6013-6314007,Doctor,7148.44,3.129065,101.677939,BR005,2025-08-22
CUST00340,Deepa a/l Muthu,900412-02-8951,randyallen@example.com,+6017-5944490,Doctor,5164.22,2.905967,101.609983,BR013,2024-04-01
CUST00341,Cheng Wei Ng,740713-15-5844,kyle58@example.com,+6014-7159129,Architect,2501.44,3.28078,101.580314,BR018,2021-02-26
CUST00342,Zulaikha Kamal,950821-13-4110,ugill@example.org,+6018-9347489,Engineer,11871.2,3.053916,101.463609,BR008,2020-03-15
CUST00343,Jia Hao Lim,760311-05-3926,joycesmith@example.net,+6010-4390323,Teacher,4845.64,2.966877,101.78605,BR017,2025-11-04
CUST00344,Kavitha a/l Naidu,840614-03-1214,mphillips@example.com,+6013-9244416,Consultant,8728.4,2.996153,101.410393,BR009,2018-10-18
CUST00345,Vikram a/l Krishnan,831227-02-2153,victorpena@example.net,+6014-2307538,Accountant,16702.06,3.163988,101.641561,BR002,2019-11-15
CUST00346,Zhi Hao Wong,930831-06-7802,plevy@example.net,+6011-7005628,Freelancer,3417.44,2.96666,101.852203,BR017,2021-05-27
CUST00347,Hafiz Ibrahim,631128-15-6772,gary87@example.org,+6015-6446792,Consultant,13167.06,2.932134,101.80043,BR017,2025-08-31
CUST00348,Jun Wei Wong,820809-09-6898,warrenmary@example.org,+6017-8507800,Civil Servant,2500.39,3.286573,101.609801,BR018,2025-12-12
CUST00349,Ravi a/l Krishnan,881127-11-1355,gutierrezmegan@example.org,+6014-9577712,Doctor,6500.64,3.136314,101.676639,BR001,2017-03-05
CUST00350,Mei Chen Lee,630118-08-5198,williambrooks@example.net,+6014-2541912,Lawyer,16811.19,3.030531,101.455828,BR009,2022-11-15
CUST00351,Cheng Wei Lee,020311-04-5921,bhopkins@example.org,+6010-7401281,Teacher,7726.55,3.238511,101.604033,BR016,2021-10-26
CUST00352,Jia Hao Wong,760124-02-5993,morenojoshua@example.com,+6018-1690923,Sales Executive,3579.86,3.172374,101.728218,BR001,2016-08-31
CUST00353,Ahmad Ibrahim,960226-03-4638,ldrake@example.org,+6016-5861752,Engineer,8990.54,3.220334,101.73076,BR015,2025-09-04
CUST00354,Kumar a/l Naidu,810918-14-3136,jamesfox@example.com,+6012-9068540,Doctor,14855.97,2.895631,101.643144,BR013,2019-03-03
CUST00355,Naveen a/p Raman,750505-11-2467,susan79@example.org,+6011-7938755,Civil Servant,12134.3,3.026991,101.553292,BR008,2026-05-26
CUST00356,Danish Yusof,661015-15-3389,valdezmichele@example.org,+6017-1752920,Consultant,9871.89,3.188719,101.63761,BR006,2017-06-06
CUST00357,Muhammad Abdullah,740617-10-1225,abrown@example.net,+6015-2866934,Business Owner,10508.11,3.121834,101.572143,BR008,2018-03-18
CUST00358,Nur Yusof,800627-05-1301,vnewman@example.net,+6016-9838222,Software Engineer,10408.35,3.315665,101.605303,BR018,2026-04-09
CUST00359,Suresh a/l Muthu,040310-13-5445,hallrachel@example.net,+6015-2810117,Software Engineer,7591.91,3.209731,101.659494,BR015,2025-05-16
CUST00360,Priya a/l Krishnan,790410-06-4258,glassgabrielle@example.com,+6018-8683734,Doctor,10968.71,3.242951,101.584167,BR016,2025-06-28
CUST00361,Kai Xuan Chan,830903-12-6822,whitemelissa@example.org,+6014-4962858,Doctor,4717.03,2.947721,101.595356,BR013,2026-02-10
CUST00362,Hafiz Yusof,841106-05-2438,thickman@example.org,+6016-9736195,Freelancer,3724.9,3.035647,101.568428,BR008,2022-02-19
CUST00363,Ravi a/p Suppiah,831031-05-4387,irhodes@example.com,+6012-4394202,Consultant,2776.22,3.066196,101.59684,BR010,2020-05-02
CUST00364,Mei Chen Teh,920625-04-4016,masonterri@example.org,+6015-3441467,Retail Manager,5615.41,3.11627,101.630208,BR006,2017-06-21
CUST00365,Cheng Wei Ng,670207-06-1429,petersonkayla@example.net,+6019-5477211,Lawyer,10786.19,3.137474,101.591868,BR005,2020-06-18
CUST00366,Farah Rahman,940305-16-7126,walterskristen@example.com,+6012-7500504,Architect,5073.25,3.163742,101.623712,BR016,2021-05-27
CUST00367,Haziq Yusof,730415-07-4351,rreynolds@example.net,+6011-3970879,Architect,6214.8,3.174106,101.750939,BR014,2023-02-07
CUST00368,Amir Ibrahim,591013-11-7457,lauren11@example.com,+6019-9995261,Doctor,3782.79,3.140668,101.71177,BR002,2018-01-14
CUST00369,Cheng Wei Tan,910130-02-7347,jodistewart@example.org,+6018-1827040,Accountant,5893.14,3.075322,101.505378,BR008,2017-05-30
CUST00370,Mei Chen Ong,020824-05-8595,rward@example.org,+6017-2517344,Retail Manager,15025.37,3.034131,101.562303,BR010,2017-10-27
CUST00371,Ravi a/p Suppiah,641112-15-4308,ghawkins@example.com,+6017-2512963,Business Owner,3148.15,3.185015,101.669678,BR014,2017-07-12
CUST00372,Priya a/l Muthu,591223-03-9582,carlsonkristen@example.com,+6016-9584338,Lawyer,4399.51,3.170995,101.778854,BR004,2016-08-14
CUST00373,Jun Wei Lee,760309-02-7874,hardyanita@example.org,+6014-6192855,Retail Manager,4037.26,3.175872,101.582631,BR006,2022-03-20
CUST00374,Nur Abdullah,631223-16-9904,rjackson@example.com,+6010-9278999,Accountant,6808.15,2.992166,101.445202,BR009,2019-03-07
CUST00375,Zulaikha Abdullah,621017-07-1801,ryanfisher@example.com,+6012-3487325,Software Engineer,18245.95,3.114615,101.490607,BR008,2024-04-28
CUST00376,Shalini a/l Krishnan,730721-14-3920,jennifersimpson@example.net,+6012-5771113,Lawyer,14867.39,3.038547,101.73071,BR011,2018-06-14
CUST00377,Aina Kamal,601104-12-7208,adam65@example.net,+6011-8169304,Consultant,9614.55,3.085014,101.64577,BR002,2020-04-17
CUST00378,Kai Xuan Goh,980810-02-2790,pcook@example.net,+6019-9874251,Teacher,19206.7,3.206764,101.754017,BR014,2017-11-09
CUST00379,Yi Xuan Teh,710713-12-3125,timothythompson@example.com,+6019-9328158,Doctor,17695.76,2.967117,101.796846,BR011,2026-03-08
CUST00380,Nabila Yusof,700125-04-4396,yfaulkner@example.org,+6019-7956372,Civil Servant,2590.98,3.002817,101.525262,BR007,2019-10-03
CUST00381,Iskandar Hassan,690706-10-9301,kdiaz@example.org,+6018-6434540,Engineer,12096.34,2.995351,101.563974,BR010,2022-06-02
CUST00382,Shalini a/l Muthu,821011-16-8774,bentonsteven@example.net,+6010-3277572,Architect,6112.16,3.102921,101.664964,BR006,2018-08-04
CUST00383,Yi Xuan Tan,950520-11-9779,fuenteslaura@example.com,+6010-4494064,Lawyer,7298.37,2.928007,101.87168,BR017,2023-03-24
CUST00384,Siti Yusof,620615-06-7382,john26@example.com,+6012-2960327,Consultant,18293.83,3.140511,101.695917,BR001,2017-03-27
CUST00385,Aiman Ibrahim,050112-15-5958,iaguilar@example.net,+6013-9809723,Business Owner,2850.03,3.106982,101.71102,BR003,2025-09-24
CUST00386,Aina Abdullah,981224-11-8921,ystephens@example.com,+6018-6206955,Engineer,9179.02,3.247079,101.536715,BR016,2023-07-07
CUST00387,Ravi a/p Raman,960210-04-1067,rodriguezjohn@example.net,+6014-1738700,Freelancer,4196.25,3.124607,101.697861,BR002,2020-01-17
CUST00388,Hafiz Yusof,871106-07-6257,hartdeanna@example.net,+6013-4230379,Business Owner,3053.3,3.166285,101.687985,BR001,2020-06-28
CUST00389,Mei Chen Lee,930217-04-4384,grodriguez@example.com,+6018-6877363,Doctor,4995.45,3.00322,101.503111,BR009,2018-09-18
CUST00390,Deepa a/p Raman,921102-15-1831,seanmyers@example.net,+6012-1486416,Architect,4306.58,3.086908,101.793308,BR003,2022-05-20
CUST00391,Yi Xuan Lee,800709-07-9740,whitney71@example.com,+6011-8813071,Lawyer,7344.98,3.205575,101.697722,BR015,2020-08-27
CUST00392,Aina Yusof,030802-05-5227,guerrajessica@example.com,+6015-7577959,Nurse,6828.13,3.189816,101.777547,BR015,2019-08-13
CUST00393,Cheng Wei Tan,780406-15-3798,adrianabailey@example.org,+6014-6848796,Lawyer,12868.23,3.104633,101.725325,BR003,2020-11-16
CUST00394,Farah Rahman,900502-14-4908,carlos01@example.org,+6019-5088457,Doctor,2818.04,3.02544,101.605832,BR010,2024-12-27
CUST00395,Shalini a/p Suppiah,871123-08-3835,sarahyang@example.net,+6011-9164301,Teacher,6120.18,3.211366,101.709564,BR014,2018-03-29
CUST00396,Aiman Ibrahim,630703-13-6364,omullen@example.com,+6017-2031500,Teacher,14969.21,3.117923,101.76732,BR003,2022-10-17
CUST00397,Danish Ismail,641024-15-4205,vfoster@example.net,+6013-6311628,Business Owner,7696.21,3.102216,101.61509,BR005,2025-04-29
CUST00398,Anitha a/l Muthu,771222-05-5819,tprice@example.org,+6010-7194532,Doctor,4502.95,3.169953,101.71291,BR001,2018-07-21
CUST00399,Alya Yusof,930210-13-6212,raylauren@example.net,+6016-7812097,Civil Servant,3370.38,3.129277,101.737021,BR001,2018-05-13
CUST00400,Hafiz Ibrahim,711018-05-3200,qwilson@example.com,+6010-2203698,Freelancer,7024.69,2.952853,101.742639,BR012,2021-10-09
CUST00401,Muhammad Ismail,870615-14-3945,lcarr@example.org,+6017-9546564,Civil Servant,3604.1,3.243035,101.778876,BR014,2019-12-22
CUST00402,Jun Wei Tan,971009-09-7731,lisamccarthy@example.com,+6018-7156735,Software Engineer,4456.47,3.240792,101.547108,BR016,2025-09-06
CUST00403,Kavitha a/p Govindasamy,850102-09-8617,lawrenceallen@example.org,+6018-2312558,Doctor,13669.42,3.068607,101.773075,BR003,2018-04-29
CUST00404,Priya a/p Govindasamy,900303-02-6628,ibarnes@example.net,+6018-1180915,Architect,7671.19,3.349727,101.55283,BR018,2020-05-01
CUST00405,Kai Xuan Ng,641013-10-5267,angelaburns@example.org,+6010-8938316,Lawyer,19884.38,2.985955,101.642819,BR010,2018-05-14
CUST00406,Kumar a/l Krishnan,970806-09-5129,glennstephanie@example.com,+6012-5713926,Business Owner,4215.72,3.158166,101.580903,BR016,2017-11-10
CUST00407,Ravi a/p Govindasamy,960404-08-8944,fortiz@example.com,+6012-9848116,Consultant,19608.15,3.178921,101.680495,BR015,2023-08-07
CUST00408,Alya Bakar,770909-15-3740,christopherjohnson@example.org,+6013-6789409,Software Engineer,3784.52,3.233329,101.696458,BR014,2019-06-02
CUST00409,Yi Xuan Chan,690328-08-7222,gary79@example.net,+6016-8962291,Business Owner,7545.97,3.019334,101.674648,BR010,2024-03-22
CUST00410,Kai Xuan Goh,800405-12-8074,armstrongjoseph@example.net,+6019-5573311,Sales Executive,11064.13,3.085472,101.674934,BR002,2024-09-23
CUST00411,Cheng Wei Wong,731102-06-6132,wolfscott@example.org,+6018-1177469,Freelancer,12934.99,3.058857,101.60744,BR007,2026-05-24
CUST00412,Iskandar Bakar,600813-07-1557,kennethkidd@example.com,+6010-2542518,Software Engineer,18025.51,2.885767,101.758859,BR012,2019-02-15
CUST00413,Priya a/p Govindasamy,980810-13-4027,gonzalesvictoria@example.org,+6011-4091420,Business Owner,6811.67,3.103985,101.77516,BR004,2018-08-05
CUST00414,Yi Xuan Chong,920518-02-7271,michelle96@example.org,+6016-6581020,Software Engineer,3016.48,3.008356,101.391948,BR009,2022-08-28
CUST00415,Zhi Hao Teh,940927-05-9857,lindahudson@example.net,+6016-4663917,Lawyer,3786.68,2.886537,101.654902,BR013,2019-04-22
CUST00416,Muhammad Rahman,820608-16-3438,tiffany44@example.net,+6010-1634776,Freelancer,5030.63,3.074872,101.385005,BR009,2019-03-03
CUST00417,Kumar a/l Naidu,980525-03-9849,taylorkaren@example.com,+6013-1055488,Civil Servant,13784.8,3.200937,101.568121,BR016,2025-09-07
CUST00418,Anitha a/l Krishnan,050213-03-6985,jacquelineanderson@example.org,+6018-6705306,Teacher,4182.36,3.011156,101.634928,BR010,2023-08-11
CUST00419,Hafiz Abdullah,961202-13-2749,kburns@example.net,+6015-9162175,Teacher,4270.43,2.938677,101.630617,BR013,2019-03-08
CUST00420,Ahmad Hassan,760316-10-9186,yjones@example.org,+6018-8538125,Software Engineer,2574.09,3.191275,101.616999,BR016,2020-07-10
CUST00421,Jia Hao Wong,921226-05-4817,shawn75@example.net,+6011-1618704,Retail Manager,13654.64,2.945199,101.865786,BR017,2016-07-09
CUST00422,Nur Ismail,940316-10-2594,simonstephen@example.net,+6017-3863692,Consultant,7362.3,3.122467,101.655027,BR001,2023-06-21
CUST00423,Shalini a/p Raman,980101-13-6312,brobinson@example.org,+6011-3304005,Sales Executive,17170.73,3.140214,101.734724,BR003,2021-06-11
CUST00424,Farah Rahman,710822-06-7060,matthew92@example.net,+6018-3768343,Architect,9600.45,3.124256,101.794376,BR004,2025-01-07
CUST00425,Vikram a/p Raman,941129-01-3939,williamsconnie@example.com,+6011-5760225,Civil Servant,3887.01,3.198941,101.658894,BR001,2016-08-28
CUST00426,Siti Yusof,011220-06-1616,scottsmith@example.com,+6019-4019906,Retail Manager,7826.04,2.94434,101.810622,BR017,2018-07-09
CUST00427,Yi Xuan Tan,891204-04-6929,nicoleturner@example.com,+6018-9515120,Accountant,3428.43,3.28892,101.528318,BR018,2017-06-05
CUST00428,Muhammad Ismail,730708-02-1885,watsonrebecca@example.org,+6015-5782589,Accountant,5670.03,3.203031,101.537429,BR016,2017-01-05
CUST00429,Muhammad Abdullah,861011-16-9436,rubendavis@example.org,+6011-2188825,Accountant,3942.81,3.282461,101.612288,BR018,2016-07-03
CUST00430,Anitha a/p Raman,790503-14-4276,brittneystone@example.com,+6016-4702106,Teacher,3441.98,3.129903,101.711474,BR004,2016-08-02
CUST00431,Haziq Bakar,900411-07-6875,mcneilrobert@example.org,+6014-4392535,Sales Executive,2754.42,3.123819,101.577293,BR006,2021-04-10
CUST00432,Alya Bakar,661211-08-5835,crosscurtis@example.com,+6019-3630468,Engineer,18866.94,3.184159,101.754027,BR015,2020-03-03
CUST00433,Deepa a/l Muthu,700617-07-8757,wayala@example.org,+6017-5683710,Software Engineer,7076.63,3.242692,101.728044,BR014,2022-11-29
CUST00434,Jun Wei Wong,890509-14-1724,morenoalan@example.net,+6010-8896240,Retail Manager,4617.67,3.15203,101.691363,BR005,2018-02-19
CUST00435,Priya a/p Suppiah,730120-01-7662,courtneyhernandez@example.com,+6013-3226537,Sales Executive,6766.74,3.175247,101.587552,BR016,2022-08-28
CUST00436,Suresh a/p Raman,770813-01-8452,christophergarcia@example.org,+6017-3325723,Consultant,18458.62,3.231694,101.752386,BR015,2022-05-23
CUST00437,Wei Ling Lim,740912-02-5859,iedwards@example.org,+6016-5526314,Retail Manager,17533.75,2.963833,101.634895,BR013,2019-04-07
CUST00438,Zulaikha Kamal,590916-12-1844,kimberly04@example.org,+6011-7424918,Sales Executive,12397.2,3.130593,101.72254,BR002,2021-09-03
CUST00439,Priya a/l Naidu,801221-04-8839,dphillips@example.org,+6019-4519758,Engineer,5289.03,3.017609,101.564349,BR007,2021-06-11
CUST00440,Vikram a/l Krishnan,610218-16-9215,elittle@example.net,+6018-3058722,Architect,6874.08,3.081797,101.651544,BR002,2025-05-20
CUST00441,Jun Wei Chong,560206-03-2313,sarah26@example.net,+6016-3999964,Business Owner,4416.51,3.073608,101.792269,BR003,2020-09-14
CUST00442,Ravi a/p Suppiah,821025-01-5803,kathrynbest@example.org,+6016-3215051,Architect,6053.51,3.14784,101.643901,BR005,2016-08-29
CUST00443,Muhammad Abdullah,581115-11-7745,jason06@example.net,+6019-6751103,Freelancer,15120.29,3.109511,101.520966,BR008,2019-05-12
CUST00444,Naveen a/p Suppiah,910216-10-3813,zhenderson@example.org,+6014-4804769,Architect,3243.8,3.17182,101.675034,BR015,2022-11-25
CUST00445,Xin Yi Chan,820519-10-3986,joshuacollins@example.net,+6012-3575047,Nurse,2975.81,3.148825,101.580359,BR006,2025-09-15
CUST00446,Xin Yi Chong,040318-11-6633,amandamyers@example.net,+6012-7256474,Architect,3579.73,3.104125,101.649038,BR006,2024-02-17
CUST00447,Cheng Wei Lee,871228-11-5842,collinssamuel@example.org,+6017-5862493,Engineer,9765.0,3.23925,101.678063,BR015,2017-01-27
CUST00448,Kavitha a/l Krishnan,591022-05-2914,nwilson@example.net,+6014-1416001,Civil Servant,5271.28,3.173742,101.812305,BR004,2017-01-17
CUST00449,Zulaikha Hassan,881019-09-4206,davidzimmerman@example.net,+6010-2402399,Doctor,19491.48,2.919661,101.898166,BR017,2016-08-10
CUST00450,Zhi Hao Chan,800425-02-6915,alexandra42@example.com,+6016-3482120,Retail Manager,5793.7,3.004254,101.788853,BR011,2017-10-06
CUST00451,Kai Xuan Ng,940721-15-7809,jessica10@example.com,+6017-5842475,Nurse,7896.26,3.233465,101.669458,BR015,2024-07-26
CUST00452,Alya Rahman,690204-11-2083,bakertheresa@example.net,+6019-7304414,Teacher,2513.24,3.075709,101.638109,BR005,2017-04-07
CUST00453,Kavitha a/p Govindasamy,780404-10-9037,brian92@example.com,+6010-6066600,Consultant,3670.42,3.074787,101.68307,BR005,2018-01-25
CUST00454,Danish Abdullah,940301-16-3034,perezwilliam@example.org,+6014-7998729,Nurse,3483.77,3.081643,101.698626,BR005,2025-01-30
CUST00455,Cheng Wei Lim,560210-09-8799,ruizpatrick@example.org,+6011-7261294,Doctor,11114.45,2.924864,101.794343,BR012,2018-04-14
CUST00456,Siti Kamal,030707-06-1866,tranrobin@example.net,+6014-7059317,Civil Servant,7843.05,3.233899,101.675479,BR015,2023-01-20
CUST00457,Priya a/l Naidu,660921-04-3738,robertcortez@example.com,+6018-6412444,Consultant,7457.48,3.085505,101.545282,BR007,2024-10-03
CUST00458,Anitha a/l Muthu,840127-01-3243,shawrachel@example.org,+6018-5721406,Sales Executive,4057.62,3.326154,101.617043,BR018,2018-09-23
CUST00459,Nur Ismail,810414-04-7837,finleycasey@example.com,+6017-2281784,Teacher,7731.93,2.91955,101.804232,BR017,2025-02-26
CUST00460,Anitha a/p Raman,940304-11-3821,mark87@example.org,+6014-1482504,Retail Manager,4129.15,3.235133,101.733575,BR015,2020-03-08
CUST00461,Deepa a/l Krishnan,700128-14-2830,jodi37@example.com,+6011-1315519,Engineer,3468.51,3.075931,101.701779,BR005,2022-05-31
CUST00462,Naveen a/l Naidu,800301-02-2085,jessicapayne@example.org,+6014-1172342,Engineer,15221.5,3.125658,101.722355,BR002,2018-01-01
CUST00463,Siti Kamal,020212-09-6698,hallmichael@example.net,+6015-3693705,Consultant,10901.87,3.11366,101.755077,BR001,2025-04-08
CUST00464,Muhammad Abdullah,030117-10-3814,blakenicholas@example.net,+6018-1072627,Retail Manager,14050.34,2.919105,101.804625,BR017,2023-10-08
CUST00465,Kai Xuan Teh,600910-06-6813,robertwoodward@example.org,+6016-8115080,Accountant,5926.52,3.129477,101.680542,BR006,2023-08-12
CUST00466,Aina Rahman,600223-10-1665,phyllismeyer@example.net,+6011-6504863,Architect,5492.64,2.910339,101.87637,BR017,2025-06-14
CUST00467,Kavitha a/p Raman,780602-14-4093,carpenterwilliam@example.net,+6011-8980532,Freelancer,16089.91,3.307476,101.637363,BR018,2024-09-11
CUST00468,Amir Bakar,590328-05-7468,grahamtamara@example.org,+6016-2706614,Retail Manager,4350.58,2.96684,101.791232,BR017,2019-05-31
CUST00469,Zhi Hao Teh,980116-16-5563,vhaynes@example.com,+6019-5579723,Engineer,6753.41,2.880518,101.698403,BR013,2019-09-04
CUST00470,Shalini a/p Suppiah,690203-15-2770,hardingderek@example.net,+6011-5205877,Architect,3494.55,3.204534,101.535872,BR016,2017-08-02
CUST00471,Kumar a/l Muthu,601011-13-6356,aowens@example.org,+6012-6079345,Lawyer,15932.97,3.222555,101.639543,BR016,2021-11-08
CUST00472,Cheng Wei Wong,030924-09-9887,shannonford@example.org,+6015-1296459,Engineer,6006.42,3.039424,101.617074,BR010,2017-05-26
CUST00473,Kai Xuan Ong,951117-10-3689,margaret90@example.org,+6017-8225630,Nurse,17168.13,3.188639,101.662577,BR015,2024-11-08
CUST00474,Kavitha a/p Govindasamy,711120-16-3560,dawsontanya@example.com,+6018-1935113,Civil Servant,12533.57,3.33754,101.585477,BR018,2021-08-18
CUST00475,Xin Yi Chong,890510-12-6715,lori20@example.com,+6019-1451304,Engineer,5694.4,3.077989,101.613818,BR002,2025-01-15
CUST00476,Yi Xuan Chong,830418-10-2391,codygarcia@example.org,+6011-6115582,Teacher,4568.99,3.146431,101.639273,BR002,2017-09-16
CUST00477,Vikram a/l Naidu,580731-16-1364,davidcolon@example.com,+6015-7337385,Lawyer,3280.6,2.993096,101.814062,BR017,2023-05-12
CUST00478,Deepa a/l Krishnan,020517-11-3730,aguilarjonathan@example.org,+6019-6025126,Sales Executive,4438.86,3.203599,101.6135,BR016,2016-09-17
CUST00479,Deepa a/l Krishnan,580920-13-4700,flamb@example.com,+6019-2542796,Retail Manager,4188.37,2.995984,101.507879,BR009,2017-09-20
CUST00480,Naveen a/p Suppiah,020811-10-9268,jacksonaudrey@example.net,+6014-8263032,Freelancer,12827.61,3.17272,101.766566,BR014,2020-06-11
CUST00481,Kavitha a/p Govindasamy,561220-06-9178,nthompson@example.org,+6013-8839914,Business Owner,6364.52,3.28297,101.515885,BR018,2019-03-31
CUST00482,Kumar a/l Naidu,771018-05-5919,austinharvey@example.org,+6016-7883025,Sales Executive,7688.98,3.042027,101.540819,BR007,2022-12-20
CUST00483,Xin Yi Lee,800610-08-2860,rbrown@example.com,+6012-4219816,Software Engineer,13569.92,3.065101,101.41233,BR009,2017-11-13
CUST00484,Yi Xuan Tan,650620-09-5551,crystalpham@example.org,+6018-3952542,Freelancer,4205.04,3.019874,101.539397,BR007,2026-05-23
CUST00485,Alya Rahman,940805-14-6954,timothy75@example.net,+6011-7658793,Consultant,9343.19,3.004084,101.833556,BR011,2021-07-09
CUST00486,Priya a/l Naidu,741201-08-3003,anthonyharper@example.org,+6015-6524500,Consultant,3668.65,2.922868,101.891743,BR017,2025-06-15
CUST00487,Zhi Hao Lee,940604-15-7690,stokesthomas@example.com,+6014-1938272,Architect,9355.54,3.113582,101.821073,BR004,2024-03-01
CUST00488,Cheng Wei Wong,050623-12-8786,craigsandoval@example.com,+6015-6170258,Software Engineer,8417.71,3.08592,101.500431,BR009,2021-10-31
CUST00489,Kumar a/p Govindasamy,950122-12-2999,gallagherstacie@example.net,+6018-4965830,Consultant,4527.53,3.046595,101.504005,BR008,2024-12-17
CUST00490,Jia Hao Wong,950514-15-6196,savannah22@example.org,+6016-1568440,Business Owner,7381.19,2.99059,101.667357,BR010,2022-06-03
CUST00491,Vikram a/l Krishnan,951022-06-5275,robin05@example.net,+6018-2113457,Sales Executive,7052.31,3.244831,101.769657,BR014,2022-02-17
CUST00492,Wei Ling Tan,830827-05-1050,marycochran@example.com,+6016-4356706,Freelancer,3111.1,3.150071,101.659583,BR006,2021-12-01
CUST00493,Ravi a/l Naidu,640410-16-3187,davisjesse@example.org,+6014-3910495,Freelancer,3686.04,3.235737,101.706697,BR014,2016-09-10
CUST00494,Kai Xuan Lee,790525-08-1339,samantha32@example.com,+6010-4837070,Teacher,4448.26,2.961991,101.711809,BR013,2023-08-31
CUST00495,Amir Ibrahim,010608-06-2922,brian29@example.net,+6010-9822092,Civil Servant,7749.0,3.006981,101.503078,BR009,2025-09-01
CUST00496,Nur Hassan,940320-09-5717,susan56@example.net,+6017-7410129,Nurse,5223.12,3.104922,101.624498,BR007,2017-07-04
CUST00497,Deepa a/p Suppiah,700802-10-5289,theresaoconnor@example.com,+6013-8566133,Accountant,3239.28,3.126111,101.578493,BR006,2024-05-31
CUST00498,Mei Chen Chong,030713-14-5198,grant89@example.com,+6011-2598523,Doctor,5665.02,2.9415,101.682718,BR013,2018-09-23
CUST00499,Shalini a/p Govindasamy,841210-13-5956,nicholasgross@example.com,+6016-7222689,Nurse,6458.46,3.075526,101.671571,BR002,2017-10-08
CUST00500,Hafiz Bakar,911209-11-9690,xrosales@example.net,+6016-3378937,Business Owner,4654.57,3.033954,101.74113,BR011,2016-10-26
CUST00501,Anitha a/p Suppiah,850813-09-9470,daniellegarcia@example.com,+6015-8311097,Nurse,3131.09,3.065445,101.588535,BR010,2017-11-25
CUST00502,Kavitha a/l Muthu,921006-02-8704,michaelflores@example.net,+6014-3743996,Retail Manager,4906.08,3.018713,101.551142,BR007,2025-05-08
CUST00503,Aina Kamal,591207-05-3025,sean43@example.org,+6015-2569976,Accountant,10019.54,3.3159,101.575519,BR018,2023-06-06
CUST00504,Jun Wei Teh,730107-06-7822,lebrandon@example.com,+6011-5129836,Engineer,4830.07,3.065732,101.644387,BR007,2023-10-28
CUST00505,Priya a/p Suppiah,031214-11-3519,ysnyder@example.com,+6010-2360015,Architect,6808.39,2.925866,101.842822,BR012,2021-12-15
CUST00506,Kumar a/l Krishnan,600726-11-3118,kkramer@example.net,+6013-1816752,Engineer,3787.29,3.145884,101.727681,BR002,2024-01-29
CUST00507,Shalini a/p Suppiah,661010-13-2461,cjones@example.com,+6010-4493397,Nurse,15766.02,3.096366,101.703524,BR003,2016-09-11
CUST00508,Muhammad Yusof,680720-10-3151,jonesgeorge@example.com,+6015-2612483,Consultant,5199.55,3.235851,101.609853,BR016,2018-02-07
CUST00509,Xin Yi Teh,590331-12-4053,morgantricia@example.com,+6016-8147380,Teacher,2580.88,3.1598,101.719662,BR014,2023-07-17
CUST00510,Ravi a/p Suppiah,770123-10-8671,catherinehamilton@example.org,+6016-2328472,Engineer,5020.12,2.963706,101.846502,BR017,2017-07-04
CUST00511,Hafiz Ibrahim,651009-02-9411,robertspencer@example.net,+6011-9567311,Civil Servant,6126.3,3.029309,101.62471,BR010,2021-11-24
CUST00512,Xin Yi Teh,880711-15-3941,john06@example.net,+6012-7592730,Software Engineer,11571.77,3.136343,101.683192,BR003,2021-12-28
CUST00513,Kavitha a/p Govindasamy,800117-06-4458,wardronald@example.com,+6012-2312322,Retail Manager,5407.61,3.206385,101.691768,BR015,2024-09-25
CUST00514,Kumar a/l Muthu,861002-16-8539,bgonzalez@example.org,+6016-9165848,Business Owner,12328.75,2.87986,101.614635,BR013,2018-03-16
CUST00515,Vikram a/l Krishnan,700201-04-1260,wellsdarrell@example.com,+6013-1449886,Accountant,10901.36,3.066769,101.682891,BR003,2021-03-16
CUST00516,Deepa a/l Muthu,000329-14-1357,christopher86@example.org,+6011-3786787,Nurse,3977.56,3.051059,101.574072,BR010,2020-03-16
CUST00517,Jun Wei Wong,740727-13-1834,seanbaker@example.com,+6015-1132108,Teacher,6995.82,3.03452,101.626514,BR007,2019-02-17
CUST00518,Shalini a/l Naidu,970508-13-8964,hernandezheather@example.org,+6018-9185628,Accountant,6349.08,3.371449,101.5182,BR018,2017-05-09
CUST00519,Priya a/l Krishnan,720907-12-8345,larellano@example.org,+6016-1349082,Nurse,3076.02,3.246169,101.681247,BR014,2022-01-12
CUST00520,Deepa a/l Naidu,970715-15-3148,rsheppard@example.com,+6014-7549342,Civil Servant,6855.88,3.038693,101.831832,BR011,2022-03-23
CUST00521,Zulaikha Hassan,670412-16-3115,christian08@example.net,+6012-4346789,Nurse,4853.16,3.042516,101.566281,BR010,2025-07-02
CUST00522,Zhi Hao Wong,950709-09-6849,davidtodd@example.org,+6012-3931227,Consultant,6262.18,3.268532,101.515826,BR018,2025-12-26
CUST00523,Jia Hao Teh,631108-09-6575,lindseymartinez@example.com,+6015-1783099,Engineer,9814.14,3.032293,101.483817,BR008,2017-04-12
CUST00524,Shalini a/p Govindasamy,890826-15-8489,wendyburton@example.net,+6011-2776570,Engineer,19368.6,3.171014,101.815631,BR004,2019-01-28
CUST00525,Hafiz Rahman,010114-12-3572,millerangela@example.net,+6014-8407441,Engineer,9191.53,3.150046,101.669621,BR006,2019-10-04
CUST00526,Kai Xuan Lee,690422-14-1107,astark@example.net,+6013-8946752,Sales Executive,11192.19,3.186386,101.754346,BR004,2022-09-23
CUST00527,Kai Xuan Wong,810816-08-3260,jrodriguez@example.org,+6016-7935859,Civil Servant,14193.86,3.134674,101.645027,BR005,2022-02-28
CUST00528,Wei Ling Chan,840818-03-2389,buckleyanna@example.org,+6015-6281544,Civil Servant,4463.89,3.136506,101.668657,BR005,2024-05-09
CUST00529,Ravi a/l Naidu,981114-10-7869,natalie46@example.net,+6016-6105693,Retail Manager,7682.31,3.180647,101.731345,BR002,2021-05-08
CUST00530,Shalini a/p Raman,851211-15-6656,jacksonrichard@example.net,+6016-4310073,Business Owner,12679.92,2.915483,101.618833,BR013,2022-08-01
CUST00531,Ravi a/l Naidu,900307-10-9541,fosternatasha@example.net,+6015-3684813,Software Engineer,2555.78,3.294141,101.525215,BR018,2018-11-14
CUST00532,Yi Xuan Goh,921013-09-9314,penny05@example.com,+6015-3077237,Software Engineer,13384.84,3.17378,101.804939,BR004,2019-08-09
CUST00533,Kumar a/p Suppiah,970821-08-6739,comptonjeremy@example.com,+6014-5773713,Freelancer,16069.21,3.045311,101.825789,BR011,2026-03-28
CUST00534,Hui Min Wong,770826-12-8443,joseph69@example.net,+6011-3458755,Retail Manager,5942.19,3.130089,101.772354,BR004,2017-05-22
CUST00535,Aina Hassan,770801-13-9502,wfigueroa@example.net,+6016-5424046,Lawyer,5981.98,3.147386,101.743528,BR015,2025-03-02
CUST00536,Vikram a/p Raman,960719-15-3119,cameronmckinney@example.com,+6018-9877514,Teacher,3888.94,3.107926,101.639385,BR005,2017-11-07
CUST00537,Anitha a/l Muthu,980123-10-1659,thompsonnancy@example.org,+6018-3572022,Teacher,7968.57,3.161974,101.713006,BR014,2024-11-12
CUST00538,Danish Ismail,671221-10-5644,xwilliams@example.net,+6013-4071524,Consultant,3979.32,3.13798,101.631464,BR005,2018-06-27
CUST00539,Amir Bakar,731130-13-8786,owagner@example.org,+6019-3228175,Engineer,17140.15,3.02901,101.668619,BR010,2023-04-23
CUST00540,Mei Chen Chong,670805-14-7344,lwheeler@example.com,+6013-7633663,Sales Executive,18680.52,3.139712,101.764679,BR003,2022-05-13
CUST00541,Jia Hao Lee,721225-10-3028,marygreen@example.net,+6018-2428614,Accountant,17091.38,3.165683,101.748829,BR001,2017-05-26
CUST00542,Deepa a/p Suppiah,561113-06-1310,martinashley@example.org,+6014-4452834,Accountant,4159.38,2.992604,101.795667,BR017,2025-01-25
CUST00543,Shalini a/l Krishnan,871113-01-6569,josephortiz@example.org,+6016-4028421,Civil Servant,2548.11,2.93091,101.654828,BR013,2025-02-21
CUST00544,Muhammad Ismail,031108-03-3526,wellsdavid@example.org,+6014-7832964,Freelancer,2838.38,2.983417,101.587571,BR010,2022-07-04
CUST00545,Kumar a/l Krishnan,551202-11-5225,charlene44@example.com,+6016-3029477,Software Engineer,7132.47,2.877921,101.610955,BR013,2025-06-14
CUST00546,Naveen a/p Suppiah,980128-14-2072,dking@example.com,+6017-1484969,Civil Servant,8223.47,3.123758,101.739164,BR004,2023-04-08
CUST00547,Priya a/p Raman,960917-14-8306,asilva@example.net,+6011-9395862,Accountant,4065.76,3.333884,101.529332,BR018,2026-06-28
CUST00548,Hafiz Ibrahim,031027-15-5739,anna99@example.com,+6012-1009108,Software Engineer,15174.41,3.312283,101.513672,BR018,2019-06-25
CUST00549,Kai Xuan Wong,601125-03-5925,rogersjoshua@example.com,+6011-7632115,Retail Manager,4988.78,2.926058,101.800838,BR017,2025-02-10
CUST00550,Zhi Hao Teh,680721-11-5282,jacob83@example.org,+6017-5580400,Accountant,10527.49,2.999151,101.82056,BR017,2024-07-20
CUST00551,Wei Ling Lee,950813-01-3843,rguerrero@example.org,+6016-9203667,Engineer,18520.64,3.169661,101.649284,BR001,2023-09-16
CUST00552,Hafiz Abdullah,880407-13-6864,jordan66@example.com,+6016-3972698,Consultant,6939.61,3.211621,101.70282,BR015,2023-11-12
CUST00553,Zhi Hao Chan,840824-09-6862,matthewreeves@example.net,+6013-2509387,Consultant,3726.89,3.127794,101.651233,BR001,2021-11-04
CUST00554,Kai Xuan Tan,940928-07-1116,william28@example.org,+6013-7645223,Teacher,13928.14,3.044126,101.47115,BR009,2019-06-08
CUST00555,Iskandar Ismail,790113-05-5253,jessica82@example.net,+6019-4824620,Doctor,3957.8,3.116831,101.774921,BR003,2025-06-29
CUST00556,Naveen a/l Naidu,880320-01-7997,michaelgarner@example.com,+6010-6419028,Civil Servant,9460.61,3.064433,101.493659,BR009,2020-09-12
CUST00557,Cheng Wei Chong,991103-08-1769,jorge47@example.org,+6014-8047472,Doctor,3397.72,2.977702,101.891647,BR017,2021-03-14
CUST00558,Kumar a/p Govindasamy,981025-03-5095,kennedyjames@example.org,+6013-3759542,Sales Executive,6690.98,3.124986,101.508924,BR008,2025-03-03
CUST00559,Wei Ling Teh,740731-16-4905,robert22@example.org,+6015-1913231,Consultant,19322.57,3.029912,101.755615,BR011,2019-12-03
CUST00560,Kavitha a/l Muthu,041109-02-1546,tthomas@example.org,+6016-6255956,Consultant,7239.26,3.201533,101.669199,BR015,2024-04-14
CUST00561,Aiman Ibrahim,791116-02-5831,lawrencebrown@example.com,+6016-7739123,Teacher,18374.99,3.064254,101.68816,BR003,2019-03-26
CUST00562,Kumar a/p Suppiah,930722-04-6564,barbaramoore@example.org,+6010-8618143,Doctor,9232.28,2.917431,101.646862,BR013,2017-10-15
CUST00563,Priya a/l Naidu,770307-09-6822,epowell@example.com,+6016-9076540,Retail Manager,3741.7,3.100416,101.538083,BR007,2016-07-17
CUST00564,Siti Yusof,820309-12-6098,stephanie58@example.org,+6019-3443176,Nurse,3439.05,3.205519,101.74847,BR014,2016-09-03
CUST00565,Shalini a/p Govindasamy,550914-02-7915,jeremywiley@example.com,+6015-4278387,Accountant,3781.11,3.059442,101.642194,BR005,2017-10-13
CUST00566,Kavitha a/p Govindasamy,740903-11-5909,gary04@example.com,+6016-6513312,Nurse,7566.37,3.203785,101.700074,BR015,2021-01-20
CUST00567,Haziq Abdullah,810706-07-4916,ryan25@example.com,+6017-6561900,Engineer,3980.16,3.094189,101.514293,BR008,2020-02-02
CUST00568,Wei Ling Lim,641201-10-8215,osmith@example.net,+6013-7038275,Software Engineer,4450.62,2.865291,101.737727,BR012,2026-05-06
CUST00569,Mei Chen Chong,660120-06-5289,lawrencegary@example.com,+6011-1352216,Consultant,3854.9,3.290037,101.538183,BR018,2023-08-10
CUST00570,Zhi Hao Ng,950207-06-9633,qmcdowell@example.net,+6019-8276581,Retail Manager,2630.76,3.164908,101.760205,BR015,2022-09-23
CUST00571,Hafiz Ibrahim,850311-08-1756,stanleydesiree@example.org,+6019-4172607,Consultant,3570.94,2.896419,101.777243,BR012,2016-12-23
CUST00572,Suresh a/p Raman,610414-07-2333,jjames@example.com,+6017-2088389,Nurse,15740.86,3.000336,101.891902,BR017,2021-03-28
CUST00573,Cheng Wei Goh,630225-16-9106,turnerdorothy@example.net,+6017-5501921,Lawyer,3301.89,3.158297,101.748011,BR015,2021-09-12
CUST00574,Nur Hassan,860821-10-7963,robertroach@example.net,+6016-3637534,Consultant,3248.21,3.232261,101.708214,BR015,2023-09-07
CUST00575,Cheng Wei Goh,610520-11-7981,glovertyler@example.net,+6017-8844203,Civil Servant,7315.77,2.88693,101.728418,BR012,2018-06-29
CUST00576,Siti Bakar,680824-03-5825,michaelortiz@example.org,+6018-9603205,Doctor,3787.31,3.047962,101.465186,BR008,2016-11-20
CUST00577,Muhammad Kamal,800424-11-5096,haleycastillo@example.org,+6014-5604751,Accountant,19980.86,3.133976,101.650102,BR002,2016-07-10
CUST00578,Naveen a/l Krishnan,890129-12-7616,conleyelizabeth@example.org,+6016-1199493,Architect,7962.46,3.187097,101.684176,BR001,2025-12-28
CUST00579,Nur Hassan,940622-15-8559,cummingscraig@example.com,+6015-2440757,Sales Executive,6000.78,3.174513,101.591137,BR016,2022-12-09
CUST00580,Aina Bakar,780502-05-6006,joseph01@example.org,+6010-9385256,Engineer,5741.32,3.2667,101.531013,BR018,2025-03-28
CUST00581,Vikram a/p Govindasamy,980209-02-3279,laurie56@example.net,+6012-6540684,Lawyer,6610.51,3.295839,101.587331,BR018,2017-08-27
CUST00582,Zhi Hao Ong,980122-04-6387,smithdevon@example.net,+6019-8575505,Freelancer,9251.76,3.111029,101.704822,BR003,2018-03-14
CUST00583,Ahmad Bakar,730516-13-5650,rfriedman@example.net,+6013-4909752,Business Owner,8689.44,3.124029,101.657482,BR001,2017-06-04
CUST00584,Siti Kamal,960330-05-9789,danielross@example.com,+6016-9023722,Retail Manager,2637.53,3.192328,101.790946,BR014,2019-03-20
CUST00585,Aiman Ibrahim,741013-10-4325,pmarsh@example.org,+6018-8700011,Business Owner,7968.8,3.166411,101.58964,BR016,2017-08-16
CUST00586,Deepa a/l Naidu,900422-15-8580,jarvismegan@example.org,+6019-1655733,Retail Manager,6762.05,3.037457,101.835073,BR011,2020-08-27
CUST00587,Suresh a/p Suppiah,850112-14-8501,ywhite@example.com,+6016-4077684,Retail Manager,3637.23,3.126817,101.582721,BR006,2022-08-11
CUST00588,Aiman Yusof,980817-07-9085,timothyfreeman@example.com,+6016-3033912,Sales Executive,4868.29,3.12871,101.771958,BR003,2020-11-25
CUST00589,Cheng Wei Lee,580830-01-2199,alexander89@example.net,+6017-7394729,Sales Executive,3991.91,3.013265,101.388257,BR009,2022-02-22
CUST00590,Jia Hao Lee,040523-15-2117,april91@example.com,+6011-5065012,Retail Manager,4400.04,3.01151,101.782905,BR011,2023-02-11
CUST00591,Alya Abdullah,671204-13-3759,elizabeth62@example.net,+6011-1188082,Freelancer,10135.28,3.113807,101.714753,BR004,2025-06-01
CUST00592,Haziq Hassan,860221-04-7399,schneidereric@example.com,+6014-8448860,Software Engineer,3696.41,3.214269,101.763601,BR015,2025-01-05
CUST00593,Farah Hassan,981220-01-6523,waltonmalik@example.com,+6013-2059841,Accountant,18024.62,3.012526,101.575255,BR007,2026-03-13
CUST00594,Nabila Ismail,580105-11-6286,andreagray@example.org,+6018-4180079,Lawyer,2914.24,3.119884,101.621683,BR002,2017-04-13
CUST00595,Nur Rahman,770915-11-1196,fmiller@example.com,+6016-4569653,Architect,11341.49,2.897005,101.725131,BR012,2019-08-28
CUST00596,Wei Ling Lim,040712-16-2668,garciarobert@example.net,+6018-3876606,Business Owner,19776.99,3.047089,101.618732,BR007,2021-12-26
CUST00597,Mei Chen Chong,961016-11-8899,pamela83@example.net,+6011-6622132,Software Engineer,12588.46,3.150633,101.671267,BR006,2023-03-18
CUST00598,Deepa a/l Naidu,030106-04-6060,marcia37@example.com,+6013-8189001,Engineer,4777.86,3.128993,101.726226,BR001,2022-02-05
CUST00599,Zhi Hao Lee,860626-15-6385,xmoran@example.net,+6012-5666187,Sales Executive,7161.73,2.889342,101.597812,BR013,2021-01-08
CUST00600,Suresh a/l Muthu,600514-08-4372,aaronkelly@example.net,+6018-1907210,Freelancer,4476.75,3.110806,101.497289,BR008,2026-02-21
CUST00601,Vikram a/l Naidu,700204-03-9055,jacqueline02@example.com,+6011-4229034,Software Engineer,3768.73,2.958889,101.803715,BR011,2017-11-25
CUST00602,Zulaikha Hassan,910504-15-6103,nrodriguez@example.org,+6012-4314108,Accountant,11637.21,3.074103,101.509228,BR008,2018-05-16
CUST00603,Zhi Hao Ng,020103-13-7188,ylewis@example.org,+6012-8897261,Architect,3345.39,3.157896,101.639604,BR016,2023-08-31
CUST00604,Wei Ling Ong,601119-10-9801,owilliams@example.net,+6012-3947745,Business Owner,11398.71,3.242375,101.76194,BR014,2022-05-20
CUST00605,Kavitha a/l Muthu,940207-05-4106,lellis@example.net,+6010-1215323,Consultant,7038.71,2.95382,101.783536,BR011,2017-11-03
CUST00606,Kai Xuan Ong,800609-03-7697,tranryan@example.net,+6010-3088386,Civil Servant,5068.27,3.182523,101.641485,BR016,2021-04-29
CUST00607,Anitha a/l Naidu,801129-02-7313,heatherthompson@example.org,+6016-5140479,Accountant,12336.97,3.217892,101.563629,BR016,2017-07-13
CUST00608,Kumar a/p Govindasamy,880516-05-5166,william66@example.net,+6013-3708302,Software Engineer,4823.07,3.081498,101.635702,BR005,2025-08-27
CUST00609,Jun Wei Lim,930813-06-7993,raymond54@example.com,+6014-6070402,Doctor,6804.7,2.994019,101.890667,BR017,2024-07-17
CUST00610,Vikram a/p Govindasamy,620528-12-3338,megan85@example.net,+6014-4515255,Retail Manager,5578.35,3.065059,101.753128,BR003,2023-11-12
CUST00611,Muhammad Rahman,830306-14-3795,jamesweber@example.com,+6012-7285607,Nurse,3908.09,3.206799,101.748824,BR014,2023-05-13
CUST00612,Jun Wei Wong,010722-07-5249,tinasantos@example.org,+6016-8394229,Freelancer,4325.94,3.103669,101.654416,BR006,2021-07-14
CUST00613,Jia Hao Ong,900319-08-8829,jennifer58@example.com,+6017-2691296,Software Engineer,8086.72,3.124566,101.742157,BR004,2022-04-28
CUST00614,Muhammad Hassan,020819-09-8961,icraig@example.com,+6017-6654424,Lawyer,5797.75,2.981244,101.82777,BR017,2025-04-09
CUST00615,Farah Ibrahim,760813-11-2641,millsanthony@example.org,+6010-8665833,Consultant,3896.62,2.933279,101.715649,BR013,2017-01-09
CUST00616,Zulaikha Rahman,580429-08-7036,karen24@example.net,+6017-8972523,Doctor,5157.77,2.925859,101.868449,BR017,2019-01-01
CUST00617,Iskandar Kamal,970619-15-4826,james80@example.com,+6019-9129167,Civil Servant,7278.86,3.179767,101.700643,BR002,2024-08-20
CUST00618,Priya a/p Govindasamy,600814-05-9520,juliahoffman@example.org,+6019-9466397,Software Engineer,11616.18,2.899015,101.617569,BR013,2021-08-09
CUST00619,Kavitha a/p Raman,950504-08-4987,heather06@example.com,+6013-3859391,Engineer,9265.64,3.242195,101.719058,BR015,2020-08-29
CUST00620,Siti Kamal,941126-09-8803,tammy00@example.net,+6011-3277614,Doctor,6221.86,2.95009,101.620749,BR013,2019-01-04
CUST00621,Haziq Rahman,860711-13-8159,ogreer@example.net,+6013-4750560,Business Owner,9069.67,2.979804,101.814734,BR011,2023-08-04
CUST00622,Deepa a/p Govindasamy,731119-11-7229,kimberlybrandt@example.com,+6019-1028160,Business Owner,6374.61,3.156574,101.715164,BR004,2020-12-25
CUST00623,Kai Xuan Lee,040901-04-7476,lopezglenn@example.net,+6010-8727632,Sales Executive,7800.11,2.967402,101.854811,BR017,2017-09-08
CUST00624,Kavitha a/p Raman,570712-02-6245,angela22@example.net,+6014-9428504,Retail Manager,7988.97,2.983616,101.639086,BR010,2024-12-15
CUST00625,Deepa a/p Suppiah,551012-11-3501,jmckinney@example.org,+6013-4776077,Retail Manager,7731.05,3.043969,101.602801,BR010,2018-01-12
CUST00626,Vikram a/l Krishnan,710818-11-7921,ayalacolleen@example.net,+6017-6843624,Engineer,4751.38,3.189088,101.629027,BR006,2019-07-05
CUST00627,Deepa a/p Govindasamy,941229-02-5981,charles58@example.org,+6017-3746337,Lawyer,2775.12,3.306016,101.530002,BR018,2026-01-24
CUST00628,Nur Hassan,810711-04-3418,robertherrera@example.org,+6016-8165734,Freelancer,7740.95,3.143005,101.756369,BR001,2019-12-28
CUST00629,Ahmad Rahman,990901-05-7619,mark43@example.net,+6013-1570305,Teacher,2981.71,2.965927,101.85514,BR017,2021-10-19
CUST00630,Vikram a/p Govindasamy,050430-13-5509,wilsonmichael@example.org,+6017-7162658,Software Engineer,13870.62,3.137325,101.78987,BR003,2025-07-17
CUST00631,Deepa a/l Muthu,860308-06-7290,susanfleming@example.com,+6017-8275548,Business Owner,8761.98,3.178838,101.611043,BR016,2020-04-23
CUST00632,Amir Abdullah,950423-16-2047,cruzamber@example.com,+6018-3081873,Engineer,4005.98,2.927361,101.660478,BR013,2016-09-28
CUST00633,Ravi a/l Muthu,810504-02-3110,willie87@example.com,+6019-4459963,Freelancer,2822.42,3.311795,101.553056,BR018,2016-12-07
CUST00634,Muhammad Yusof,000530-01-5068,lukemiller@example.org,+6014-1774541,Doctor,4309.24,2.966508,101.744818,BR012,2018-03-03
CUST00635,Kavitha a/p Govindasamy,030424-12-9818,simsjason@example.net,+6018-4520522,Retail Manager,2698.02,2.99555,101.848496,BR011,2024-03-25
CUST00636,Aiman Hassan,980929-12-5544,nhouston@example.net,+6012-8080237,Teacher,3599.7,3.118343,101.605604,BR005,2024-10-13
CUST00637,Cheng Wei Lim,990606-05-9780,elucas@example.net,+6013-2183767,Freelancer,3965.35,3.063984,101.500836,BR009,2023-05-11
CUST00638,Anitha a/l Naidu,560906-05-6183,benjamin10@example.org,+6016-7357590,Software Engineer,11241.5,2.961045,101.833304,BR017,2024-06-09
CUST00639,Iskandar Ibrahim,830527-11-5476,rhondarussell@example.com,+6012-4787716,Business Owner,5820.05,3.088852,101.692331,BR003,2022-10-19
CUST00640,Danish Rahman,770223-16-2565,pricedavid@example.org,+6018-6853574,Retail Manager,3644.32,3.138862,101.670205,BR006,2022-11-29
CUST00641,Siti Kamal,860531-13-8812,haynescharles@example.net,+6019-3140306,Business Owner,2518.99,2.886778,101.694377,BR013,2017-07-22
CUST00642,Amir Yusof,941104-12-5081,catherine47@example.com,+6019-8016965,Retail Manager,6036.36,3.174237,101.688498,BR002,2020-06-12
CUST00643,Suresh a/l Krishnan,880713-08-6000,omoore@example.org,+6011-6128149,Civil Servant,4041.16,3.206326,101.756863,BR014,2023-12-18
CUST00644,Deepa a/l Muthu,950503-10-9074,susan24@example.net,+6010-8113264,Freelancer,13755.87,3.144142,101.570779,BR006,2025-05-14
CUST00645,Naveen a/p Govindasamy,031007-01-7962,susan08@example.net,+6018-6789156,Accountant,19045.51,3.138481,101.776618,BR004,2017-11-28
CUST00646,Shalini a/l Muthu,570801-08-3864,fmedina@example.com,+6011-7158092,Consultant,5736.52,3.243232,101.743239,BR015,2018-08-06
CUST00647,Mei Chen Chong,920726-04-5752,jason82@example.org,+6014-9105487,Business Owner,4507.82,3.131182,101.78451,BR004,2018-05-03
CUST00648,Haziq Yusof,860505-15-8999,james29@example.org,+6010-6968395,Software Engineer,3731.06,2.984914,101.785,BR017,2025-01-04
CUST00649,Mei Chen Ong,020211-07-2388,enewman@example.com,+6018-9628834,Nurse,8082.93,2.863004,101.777402,BR012,2023-03-19
CUST00650,Zhi Hao Chan,680112-06-9788,jessicafreeman@example.com,+6014-2823599,Architect,9678.49,2.907712,101.638866,BR013,2020-01-25
CUST00651,Wei Ling Chong,890122-05-7464,craigharvey@example.org,+6016-6556840,Software Engineer,13751.54,3.01461,101.55806,BR007,2019-09-03
CUST00652,Jia Hao Ong,780111-05-6322,heather29@example.net,+6016-9419789,Retail Manager,4347.12,3.208719,101.61789,BR016,2020-02-21
CUST00653,Danish Abdullah,710425-08-1852,ujackson@example.org,+6015-8208583,Lawyer,6020.15,3.070061,101.6413,BR005,2024-05-09
CUST00654,Danish Ibrahim,910208-06-5087,xhill@example.org,+6014-2929715,Consultant,6953.35,3.086015,101.547318,BR008,2023-04-17
CUST00655,Aina Rahman,720128-05-4758,wford@example.com,+6011-3219555,Civil Servant,7966.4,2.961711,101.804263,BR017,2021-05-13
CUST00656,Zulaikha Hassan,601208-10-4791,wilkinsonmichele@example.org,+6013-6640128,Civil Servant,6284.52,3.146689,101.728959,BR003,2025-05-29
CUST00657,Aiman Kamal,650426-08-6240,lunapatricia@example.net,+6010-4049286,Software Engineer,6811.51,3.092792,101.472098,BR009,2022-10-24
CUST00658,Xin Yi Teh,960217-16-6956,nhammond@example.org,+6015-6106258,Teacher,2693.77,3.141231,101.730858,BR004,2022-01-04
CUST00659,Kai Xuan Chong,820902-09-4441,jvaldez@example.com,+6019-7443279,Teacher,4274.39,2.96102,101.810496,BR017,2020-06-02
CUST00660,Zulaikha Hassan,000126-03-9955,dennis88@example.org,+6019-6752873,Business Owner,10423.99,3.078825,101.638588,BR007,2020-06-18
CUST00661,Ahmad Ismail,800809-12-6996,melaniedrake@example.net,+6017-2970130,Civil Servant,19175.99,3.047858,101.6117,BR007,2023-05-04
CUST00662,Siti Yusof,930510-02-4116,seanwhite@example.net,+6016-9305156,Freelancer,6297.21,3.08456,101.698598,BR005,2023-02-02
CUST00663,Vikram a/l Naidu,031119-06-1058,ccrosby@example.org,+6012-4654207,Lawyer,7577.04,2.910581,101.627175,BR013,2024-02-10
CUST00664,Naveen a/l Krishnan,670131-09-2951,mike03@example.net,+6012-4756912,Software Engineer,5521.45,3.060005,101.592701,BR010,2025-07-28
CUST00665,Aiman Abdullah,730723-04-1022,chardin@example.org,+6015-7192640,Sales Executive,14591.3,3.126223,101.482041,BR008,2026-04-21
CUST00666,Amir Yusof,710913-01-6824,mary49@example.net,+6013-5692416,Nurse,15887.81,3.045561,101.803233,BR011,2022-03-13
CUST00667,Nabila Ibrahim,740430-07-8244,pdiaz@example.org,+6013-6440230,Business Owner,6704.3,3.084903,101.462383,BR009,2021-08-30
CUST00668,Aina Hassan,740424-03-9125,zacharygomez@example.com,+6012-8707287,Nurse,14835.9,3.189899,101.779955,BR014,2021-05-13
CUST00669,Iskandar Yusof,790808-13-4077,shawdon@example.org,+6011-3407905,Teacher,6092.58,3.137377,101.760029,BR001,2018-10-18
CUST00670,Nabila Ismail,810323-01-2802,jason22@example.com,+6010-1733836,Nurse,9711.63,3.169067,101.696248,BR001,2022-07-08
CUST00671,Kumar a/l Muthu,960506-03-4314,robertrivera@example.org,+6012-9060201,Engineer,6055.14,3.153281,101.802007,BR004,2021-04-23
CUST00672,Mei Chen Wong,790609-04-1347,brittanyholland@example.com,+6010-2724954,Doctor,3093.48,3.133706,101.641768,BR002,2016-09-19
CUST00673,Haziq Hassan,570826-12-5699,dennishunt@example.net,+6013-7454929,Freelancer,4268.45,3.128351,101.697192,BR001,2017-12-18
CUST00674,Nur Rahman,631024-04-6906,zacharysullivan@example.net,+6011-1727239,Lawyer,2802.21,3.006474,101.632844,BR010,2022-11-15
CUST00675,Vikram a/p Raman,990604-04-5441,stacey37@example.net,+6017-7192680,Business Owner,4121.44,3.035387,101.591525,BR010,2026-06-04
CUST00676,Danish Ismail,981111-16-2102,jeffreyjenkins@example.org,+6011-8171473,Retail Manager,3056.95,2.955022,101.780699,BR011,2024-06-10
CUST00677,Kai Xuan Chong,960708-14-6463,cindydixon@example.org,+6012-5125653,Civil Servant,14405.25,3.195066,101.604514,BR016,2023-09-27
CUST00678,Deepa a/p Suppiah,720818-08-2429,ecarlson@example.org,+6013-7068477,Software Engineer,7477.08,3.116053,101.734175,BR003,2020-04-11
CUST00679,Haziq Rahman,620208-05-5828,harrismichele@example.net,+6017-3418271,Consultant,4206.62,3.173472,101.653509,BR002,2023-05-04
CUST00680,Alya Hassan,961027-05-7184,thompsonrachel@example.net,+6010-8125430,Sales Executive,4871.03,3.155702,101.622884,BR002,2016-11-19
CUST00681,Ravi a/l Muthu,940909-03-1204,davisdonna@example.net,+6019-7987624,Nurse,9681.35,3.092732,101.588376,BR005,2021-11-21
CUST00682,Suresh a/p Suppiah,550722-01-5698,xboyd@example.org,+6011-3615355,Software Engineer,17013.6,3.22816,101.722357,BR014,2023-06-22
CUST00683,Ahmad Ibrahim,761211-09-9222,yclarke@example.com,+6014-4813710,Civil Servant,5451.4,3.223549,101.776663,BR014,2022-05-21
CUST00684,Nabila Hassan,920726-06-2264,colemanjonathan@example.org,+6017-9009715,Sales Executive,3805.4,2.93417,101.620565,BR013,2025-08-06
CUST00685,Yi Xuan Wong,590908-11-1459,ascott@example.net,+6013-5734646,Nurse,4728.62,3.002565,101.392428,BR009,2023-12-07
CUST00686,Hafiz Hassan,551107-02-8926,meyernicholas@example.org,+6010-1806126,Sales Executive,5580.12,3.100928,101.618836,BR002,2023-05-17
CUST00687,Hui Min Wong,710417-05-2595,daniel69@example.com,+6015-7833134,Retail Manager,3507.16,3.020326,101.815771,BR011,2019-02-09
CUST00688,Vikram a/p Suppiah,820420-15-2290,cheryl63@example.com,+6011-4885101,Accountant,4114.95,3.10631,101.627196,BR002,2022-01-06
CUST00689,Naveen a/p Govindasamy,830517-05-6554,mitchellpeters@example.com,+6014-7045105,Lawyer,18688.16,2.996211,101.823465,BR017,2026-05-20
CUST00690,Zhi Hao Wong,840518-16-2595,qfitzgerald@example.org,+6010-3392808,Engineer,4240.91,3.156815,101.75241,BR003,2023-12-22
CUST00691,Jia Hao Chan,771029-03-5589,craigromero@example.com,+6019-7095636,Sales Executive,5127.15,2.957394,101.761706,BR011,2024-07-03
CUST00692,Xin Yi Chan,860313-16-1648,martintamara@example.org,+6015-5808770,Civil Servant,6668.89,3.154849,101.700594,BR005,2024-07-16
CUST00693,Hui Min Teh,960829-15-5306,bfrost@example.org,+6010-1957285,Retail Manager,4081.18,2.979444,101.810304,BR011,2017-02-19
CUST00694,Aiman Ibrahim,660802-08-7360,lynchjenny@example.com,+6017-2568722,Sales Executive,6748.7,3.143582,101.667479,BR006,2022-08-20
CUST00695,Muhammad Ismail,810719-14-4268,bautistalori@example.net,+6016-6515017,Teacher,13835.54,3.193831,101.81511,BR004,2021-06-09
CUST00696,Kavitha a/l Muthu,560112-16-3384,james98@example.net,+6013-6371840,Lawyer,6603.77,3.03999,101.451167,BR009,2023-06-25
CUST00697,Cheng Wei Wong,860404-14-5421,warddiana@example.org,+6014-3954562,Teacher,8980.51,3.09781,101.611031,BR002,2017-05-13
CUST00698,Yi Xuan Goh,690417-02-2514,zgomez@example.com,+6016-6738129,Engineer,5195.12,3.07504,101.554861,BR007,2022-05-10
CUST00699,Hui Min Lee,810520-13-1162,calhounandrea@example.net,+6018-4331283,Teacher,9735.41,3.188391,101.753649,BR014,2024-10-17
CUST00700,Anitha a/l Muthu,010331-16-6184,michael43@example.net,+6011-7818036,Business Owner,3541.38,3.150165,101.695834,BR005,2026-02-16
CUST00701,Kavitha a/p Govindasamy,780327-07-7884,qandrews@example.org,+6018-3786712,Lawyer,19428.52,3.09859,101.792887,BR004,2020-07-26
CUST00702,Kumar a/l Krishnan,601026-04-9177,gordonmatthew@example.org,+6017-7946668,Civil Servant,7398.65,2.863796,101.835962,BR012,2024-07-11
CUST00703,Haziq Ismail,030502-06-9892,heather69@example.com,+6016-7401570,Business Owner,6909.93,3.185258,101.680683,BR015,2024-03-12
CUST00704,Shalini a/l Muthu,930515-01-7738,lmaldonado@example.org,+6011-9328292,Retail Manager,7745.3,3.140375,101.694196,BR003,2021-04-25
CUST00705,Shalini a/l Muthu,680521-15-7243,oschultz@example.net,+6011-4280956,Consultant,4935.54,3.059922,101.58208,BR010,2023-07-05
CUST00706,Yi Xuan Tan,950704-09-5333,hmoses@example.net,+6014-7957788,Freelancer,2983.11,2.946608,101.78705,BR012,2016-08-04
CUST00707,Siti Kamal,970208-11-3792,justinross@example.net,+6019-8214533,Accountant,5869.77,2.984298,101.855964,BR017,2024-09-15
CUST00708,Danish Ibrahim,590419-06-7604,thomasgomez@example.net,+6015-9678469,Nurse,17614.06,3.154802,101.627524,BR005,2019-03-09
CUST00709,Iskandar Ibrahim,021108-11-4338,victorgonzalez@example.net,+6011-2564733,Software Engineer,3374.84,3.081369,101.402641,BR009,2018-12-01
CUST00710,Naveen a/l Muthu,681007-15-6867,jameswright@example.net,+6012-5021865,Freelancer,4295.82,2.86998,101.685337,BR013,2020-01-21
CUST00711,Vikram a/l Krishnan,940611-01-2694,moraemma@example.net,+6011-8702884,Lawyer,2745.37,3.104672,101.72568,BR002,2021-06-03
CUST00712,Muhammad Bakar,551029-04-9045,charlesnathan@example.com,+6010-7941491,Teacher,6689.89,2.960718,101.74939,BR012,2021-06-02
CUST00713,Kai Xuan Chan,041006-06-1515,travis84@example.com,+6011-6751404,Sales Executive,3467.82,3.101384,101.561421,BR006,2018-09-19
CUST00714,Suresh a/l Muthu,840430-05-4543,foxrodney@example.net,+6015-2925830,Accountant,9001.31,3.068171,101.58962,BR007,2016-10-26
CUST00715,Aiman Yusof,721110-10-8652,stephenmartinez@example.net,+6017-8315906,Doctor,4392.69,3.170785,101.528908,BR016,2021-02-04
CUST00716,Suresh a/p Suppiah,891216-10-3714,craignicolas@example.org,+6013-9184459,Civil Servant,5983.08,3.157743,101.795495,BR004,2019-10-01
CUST00717,Priya a/l Naidu,860219-12-2052,jacob43@example.com,+6017-3805973,Software Engineer,12917.7,2.913658,101.66434,BR013,2021-03-17
CUST00718,Naveen a/l Krishnan,860224-11-8035,ivan63@example.com,+6012-7001957,Accountant,6799.34,2.870483,101.615662,BR013,2023-07-03
CUST00719,Ahmad Kamal,740210-11-4811,lramirez@example.net,+6018-2111241,Civil Servant,10609.56,3.181338,101.675619,BR001,2017-10-22
CUST00720,Jun Wei Lim,840416-11-4246,lisale@example.org,+6013-1833152,Engineer,3487.87,3.22379,101.721255,BR014,2022-01-18
CUST00721,Aina Ismail,980424-01-5670,dustinhaley@example.org,+6010-1077963,Architect,12833.73,3.002956,101.754266,BR011,2021-03-23
CUST00722,Kumar a/l Krishnan,551225-14-5931,oporter@example.net,+6014-6321559,Engineer,4779.19,3.111354,101.660704,BR001,2021-11-01
CUST00723,Kumar a/p Suppiah,710414-04-7126,jevans@example.net,+6019-2723751,Software Engineer,7389.1,3.043139,101.612591,BR010,2016-12-21
CUST00724,Vikram a/p Raman,600611-12-9807,briancervantes@example.com,+6010-1880652,Business Owner,4650.77,3.091461,101.651172,BR006,2024-11-19
CUST00725,Aiman Kamal,600423-05-8548,jordan58@example.net,+6011-3118772,Sales Executive,7135.62,2.896426,101.614459,BR013,2025-10-25
CUST00726,Kavitha a/p Govindasamy,680519-16-9029,jenkinsmichael@example.net,+6014-6400776,Engineer,5290.41,3.151053,101.729382,BR004,2026-02-16
CUST00727,Priya a/l Krishnan,650611-07-2278,tiffanymitchell@example.com,+6011-9298107,Software Engineer,6846.75,3.353775,101.544015,BR018,2023-03-25
CUST00728,Aina Rahman,791115-11-6108,ypreston@example.net,+6017-3583673,Consultant,7699.44,2.961604,101.798779,BR011,2019-05-12
CUST00729,Cheng Wei Teh,870130-03-5552,mirandadavidson@example.com,+6016-3754757,Freelancer,3114.29,2.917594,101.830855,BR017,2020-09-17
CUST00730,Jia Hao Lim,860210-09-1468,esweeney@example.org,+6017-9906779,Architect,4914.14,3.021039,101.513578,BR008,2018-02-11
CUST00731,Zhi Hao Lee,661127-02-8230,denise49@example.net,+6014-7203890,Teacher,2598.27,2.921537,101.656896,BR013,2020-06-13
CUST00732,Zhi Hao Ong,991118-16-9497,julie87@example.com,+6016-2831812,Freelancer,2599.74,3.146167,101.626716,BR006,2018-03-03
CUST00733,Haziq Abdullah,980317-09-4710,jessicastanley@example.net,+6019-7787380,Civil Servant,17888.82,3.016659,101.449539,BR009,2023-07-03
CUST00734,Cheng Wei Wong,590702-10-5718,randydavis@example.com,+6010-2581127,Nurse,6951.65,3.166889,101.603846,BR006,2021-12-24
CUST00735,Deepa a/p Raman,561024-11-8458,fwarren@example.org,+6012-1213654,Freelancer,5669.19,3.012715,101.745495,BR011,2019-02-13
CUST00736,Siti Abdullah,630405-16-5055,pparker@example.net,+6017-2835192,Software Engineer,4137.85,2.966861,101.796554,BR012,2019-05-04
CUST00737,Naveen a/p Raman,861027-11-8415,alisonjackson@example.org,+6017-6885129,Doctor,3014.68,3.137057,101.591016,BR005,2023-02-17
CUST00738,Xin Yi Chong,980707-16-2847,michelle78@example.com,+6014-9712557,Retail Manager,3779.6,2.979379,101.888272,BR017,2021-12-24
CUST00739,Ravi a/l Krishnan,620402-14-6888,brittanybryant@example.net,+6013-2497768,Accountant,5822.22,3.152587,101.589953,BR016,2022-11-08
CUST00740,Naveen a/p Suppiah,830912-12-6426,regina78@example.org,+6016-8001036,Business Owner,4643.85,2.91456,101.894981,BR017,2024-07-17
CUST00741,Priya a/p Suppiah,770803-12-5725,robert24@example.org,+6011-1139836,Architect,16171.08,3.200207,101.758073,BR015,2016-06-30
CUST00742,Jun Wei Goh,960407-10-1255,mauriceharrison@example.org,+6017-1687078,Accountant,6575.75,3.114772,101.596383,BR006,2023-05-17
CUST00743,Amir Kamal,800204-10-9224,xevans@example.com,+6018-3601089,Teacher,4999.25,3.109241,101.666059,BR001,2024-06-22
CUST00744,Priya a/l Krishnan,850507-08-7328,kelleyjacob@example.net,+6016-7696015,Teacher,4286.07,3.02272,101.572923,BR008,2020-11-12
CUST00745,Vikram a/p Govindasamy,671228-07-5096,oclayton@example.com,+6012-7984561,Doctor,11568.01,3.026006,101.742042,BR011,2017-04-15
CUST00746,Hui Min Lee,861006-04-3270,justin84@example.com,+6018-8413874,Retail Manager,7772.08,2.95183,101.697868,BR013,2018-05-17
CUST00747,Yi Xuan Chan,581202-01-7896,keithwalsh@example.net,+6011-3358634,Lawyer,7253.21,3.253986,101.724533,BR014,2021-01-08
CUST00748,Zulaikha Yusof,900709-13-1097,blopez@example.org,+6017-9690736,Architect,11242.1,3.156604,101.657507,BR002,2016-12-28
CUST00749,Farah Rahman,820331-02-2989,teresacampbell@example.org,+6019-9570152,Retail Manager,14195.17,3.028975,101.642259,BR010,2023-08-25
CUST00750,Kavitha a/p Raman,911108-05-5929,christophersmith@example.org,+6014-1108226,Engineer,3469.91,3.116008,101.536057,BR008,2019-12-01
CUST00751,Zulaikha Rahman,710128-16-1403,dbolton@example.net,+6018-8445994,Civil Servant,2611.31,2.906118,101.806228,BR017,2024-05-30
CUST00752,Alya Yusof,720104-14-3396,brianrowe@example.org,+6010-4100561,Nurse,10049.31,3.231845,101.736028,BR015,2021-12-05
CUST00753,Naveen a/p Raman,640729-04-9076,lisa01@example.net,+6015-5616776,Civil Servant,7299.49,3.201188,101.553732,BR016,2018-12-26
CUST00754,Ahmad Yusof,940121-10-1558,cwright@example.org,+6019-8457126,Software Engineer,9671.64,3.151933,101.7074,BR015,2021-02-07
CUST00755,Xin Yi Tan,940117-07-6715,thomasmaldonado@example.com,+6018-7553588,Doctor,12222.4,3.120621,101.667732,BR006,2025-11-09
CUST00756,Anitha a/p Suppiah,630605-10-7454,garnerandrea@example.org,+6011-9115888,Civil Servant,10164.49,3.083337,101.674312,BR005,2019-01-11
CUST00757,Naveen a/l Krishnan,870604-12-7615,michaelwilliams@example.net,+6011-1753785,Software Engineer,4204.06,3.12868,101.652469,BR005,2018-09-03
CUST00758,Cheng Wei Chong,610221-08-2727,knguyen@example.com,+6012-7443851,Engineer,7728.32,3.125336,101.557288,BR008,2022-05-05
CUST00759,Ahmad Rahman,750415-01-3851,albertwilliams@example.net,+6015-2806251,Retail Manager,15648.75,3.22147,101.734692,BR015,2021-04-01
CUST00760,Nur Yusof,850422-07-3655,kelli32@example.com,+6016-9867252,Engineer,8290.92,3.196545,101.55331,BR016,2017-05-29
CUST00761,Nur Abdullah,860606-14-9955,browndeanna@example.net,+6011-6716187,Nurse,16739.4,3.149818,101.623646,BR005,2021-11-10
CUST00762,Zhi Hao Wong,601112-05-2100,jhall@example.net,+6017-8172456,Freelancer,8937.73,3.203392,101.562159,BR016,2024-01-24
CUST00763,Jia Hao Lim,951010-11-1369,bquinn@example.net,+6013-5863655,Consultant,3002.76,3.174173,101.592958,BR016,2020-04-09
CUST00764,Jia Hao Goh,910919-10-7540,rachel77@example.net,+6019-1950399,Doctor,4888.06,3.111483,101.572781,BR008,2019-06-11
CUST00765,Kumar a/l Muthu,900508-02-3282,ashleystephens@example.com,+6013-6529924,Engineer,3826.67,2.984603,101.749752,BR011,2023-10-27
CUST00766,Shalini a/p Govindasamy,690406-14-2320,caseymoore@example.com,+6018-9032452,Nurse,8427.2,3.112335,101.617042,BR002,2024-09-09
CUST00767,Iskandar Kamal,820730-08-1351,osmith@example.net,+6010-1442143,Engineer,5186.61,3.201678,101.764792,BR014,2020-04-14
CUST00768,Kumar a/l Naidu,641009-05-8040,harveymichael@example.net,+6016-3311404,Teacher,7640.01,3.154883,101.613598,BR016,2018-11-19
CUST00769,Zhi Hao Chong,910719-03-1164,rlee@example.com,+6013-7930088,Retail Manager,4005.14,3.249297,101.696486,BR014,2024-02-26
CUST00770,Alya Hassan,630315-06-5630,marcus51@example.org,+6010-6270157,Sales Executive,3704.83,3.083228,101.624076,BR002,2021-09-23
CUST00771,Vikram a/p Suppiah,581030-07-9108,gregoryjohnson@example.org,+6015-4695807,Architect,7794.99,3.165629,101.708748,BR004,2021-05-08
CUST00772,Deepa a/l Naidu,600607-04-1884,hbarrett@example.net,+6015-7892648,Retail Manager,4401.13,3.025317,101.450707,BR009,2023-07-05
CUST00773,Deepa a/l Krishnan,680417-05-1587,jeffrey10@example.org,+6013-8386629,Freelancer,4028.38,3.286232,101.560359,BR018,2023-01-20
CUST00774,Xin Yi Teh,011201-02-5572,mcdonalddanielle@example.com,+6019-7441381,Architect,2537.7,2.899723,101.714366,BR013,2022-01-28
CUST00775,Amir Ismail,020530-02-9872,yshort@example.net,+6015-1436075,Lawyer,5676.76,3.207613,101.749564,BR014,2017-01-28
CUST00776,Deepa a/l Muthu,860506-14-1935,navarromary@example.org,+6011-7511414,Retail Manager,19890.69,3.017509,101.802677,BR011,2025-12-10
CUST00777,Yi Xuan Teh,030712-15-4903,garciajerry@example.com,+6012-1254735,Business Owner,4099.18,2.923765,101.901264,BR017,2018-05-23
CUST00778,Suresh a/l Krishnan,811021-09-5104,ashleymeza@example.net,+6019-1207016,Teacher,3113.79,2.87142,101.627524,BR013,2023-12-27
CUST00779,Cheng Wei Tan,760403-12-8867,mirandabarbara@example.net,+6018-4654790,Civil Servant,11317.35,3.139905,101.663098,BR015,2021-01-30
CUST00780,Anitha a/l Muthu,881004-09-5252,jacksonhenry@example.com,+6017-3134439,Accountant,3760.68,3.158384,101.754735,BR015,2021-07-17
CUST00781,Muhammad Abdullah,880516-11-1687,umahoney@example.net,+6018-4824407,Software Engineer,4403.41,3.15594,101.668326,BR006,2026-05-30
CUST00782,Anitha a/l Naidu,710924-03-9305,robert65@example.net,+6017-2898888,Doctor,14844.39,3.139873,101.65211,BR002,2018-11-26
CUST00783,Jia Hao Ong,821011-12-6488,vcannon@example.com,+6016-7286684,Architect,5529.22,2.983314,101.596495,BR010,2020-02-05
CUST00784,Aiman Ismail,780212-11-9368,csmith@example.com,+6018-6772247,Accountant,3257.68,3.11533,101.675331,BR001,2022-06-15
CUST00785,Jia Hao Lim,810518-14-9830,adam33@example.com,+6011-9854283,Engineer,6153.15,3.080371,101.581079,BR008,2016-09-17
CUST00786,Xin Yi Wong,960805-12-4782,samantha88@example.net,+6017-6281742,Retail Manager,6925.76,3.06634,101.596764,BR010,2025-10-03
CUST00787,Jia Hao Chong,630326-16-4774,stevenseric@example.com,+6017-8027140,Accountant,9503.38,3.31811,101.628523,BR018,2020-03-01
CUST00788,Danish Ibrahim,840808-11-6142,jonathanevans@example.net,+6011-2367443,Civil Servant,14912.14,3.11871,101.678491,BR005,2020-06-29
CUST00789,Haziq Ismail,010523-09-8698,cummingslaura@example.org,+6011-3120605,Consultant,2568.15,3.140623,101.67363,BR015,2021-05-18
CUST00790,Hafiz Ibrahim,000612-08-5806,larsonkevin@example.net,+6011-6650705,Consultant,15399.56,3.188356,101.717121,BR014,2024-07-30
CUST00791,Muhammad Kamal,740729-14-5739,weeksmatthew@example.com,+6017-3258306,Retail Manager,18996.1,3.237397,101.737747,BR015,2020-08-29
CUST00792,Siti Abdullah,981121-11-8185,julieatkinson@example.org,+6012-9534019,Retail Manager,7806.69,2.934901,101.780258,BR012,2022-11-01
CUST00793,Kai Xuan Tan,870208-14-5673,torresblake@example.net,+6015-7443587,Sales Executive,8503.21,2.992652,101.853435,BR017,2022-02-22
CUST00794,Deepa a/p Suppiah,711102-11-2629,ericnunez@example.com,+6015-5777999,Nurse,2737.1,2.925728,101.891116,BR017,2026-03-17
CUST00795,Xin Yi Teh,930220-05-2572,walkerkeith@example.com,+6013-9534539,Engineer,8476.94,3.194594,101.782922,BR004,2017-12-22
CUST00796,Deepa a/l Muthu,720421-07-5617,dduncan@example.net,+6019-8155525,Retail Manager,3389.65,3.239246,101.520587,BR016,2020-06-27
CUST00797,Priya a/p Suppiah,591001-05-5562,iayala@example.org,+6011-6934456,Engineer,7276.62,3.203371,101.677466,BR014,2021-04-21
CUST00798,Hafiz Kamal,650527-03-6157,mpearson@example.net,+6010-8270870,Teacher,11810.33,3.039869,101.475107,BR009,2022-08-28
CUST00799,Kumar a/p Govindasamy,920412-08-4205,johnadams@example.com,+6014-8887227,Nurse,3469.01,3.130431,101.722454,BR001,2019-09-24
CUST00800,Iskandar Rahman,010914-01-8115,rodriguezrobert@example.com,+6011-9232431,Doctor,8465.75,2.988312,101.874757,BR017,2019-12-24
CUST00801,Jun Wei Ong,710714-06-5916,carrillogary@example.com,+6013-5900891,Freelancer,7288.61,3.088188,101.516518,BR008,2022-08-29
CUST00802,Kavitha a/l Krishnan,050102-10-7874,chanson@example.org,+6017-6459256,Accountant,4905.37,3.118314,101.820192,BR004,2025-09-27
CUST00803,Priya a/l Krishnan,670304-16-9014,eric11@example.net,+6019-7912261,Freelancer,5518.26,2.943443,101.690304,BR013,2017-01-15
CUST00804,Hafiz Kamal,021211-15-7966,mistywilkins@example.org,+6016-5373809,Software Engineer,3036.63,3.063818,101.434341,BR009,2019-12-05
CUST00805,Cheng Wei Ong,950917-07-2807,shannon05@example.org,+6019-6531182,Nurse,4569.72,3.081138,101.476581,BR008,2023-11-24
CUST00806,Danish Kamal,660202-02-9497,ana92@example.net,+6013-7074992,Doctor,14428.39,2.944948,101.792749,BR012,2023-06-26
CUST00807,Aiman Ismail,560531-08-1223,scottbrian@example.org,+6010-1336020,Engineer,4858.82,2.897884,101.750351,BR012,2024-05-21
CUST00808,Siti Yusof,860524-08-1553,marshallsierra@example.org,+6014-3074382,Consultant,9574.32,2.970467,101.634837,BR010,2020-05-19
CUST00809,Jia Hao Lim,690122-14-1330,michelle04@example.net,+6010-3547579,Teacher,10331.41,3.107788,101.76958,BR003,2020-05-11
CUST00810,Kai Xuan Ong,040626-15-4320,mckeetodd@example.net,+6011-5433714,Freelancer,3652.4,2.976023,101.818529,BR017,2021-10-23
CUST00811,Hui Min Ng,641025-08-7265,tcastro@example.org,+6010-9338861,Retail Manager,3287.29,3.179994,101.605703,BR016,2016-11-22
CUST00812,Zhi Hao Teh,010811-12-8811,matthew62@example.org,+6019-2827851,Freelancer,3121.22,3.146803,101.677925,BR001,2019-12-18
CUST00813,Hafiz Ismail,730202-08-2374,joel84@example.org,+6012-7764490,Lawyer,4176.14,3.096141,101.583819,BR007,2022-10-03
CUST00814,Danish Bakar,990607-05-1598,raymondstacy@example.org,+6015-7820513,Consultant,6916.39,3.035371,101.475734,BR009,2018-01-05
CUST00815,Kavitha a/l Krishnan,000510-03-2721,christopherreyes@example.net,+6016-2300308,Civil Servant,2754.56,3.054039,101.544756,BR008,2022-08-15
CUST00816,Nur Bakar,861009-06-9594,robertberry@example.com,+6017-3346551,Retail Manager,4248.43,3.098869,101.752469,BR004,2026-03-15
CUST00817,Xin Yi Ng,001225-06-3318,shane23@example.net,+6014-9778699,Freelancer,16573.7,2.930499,101.892369,BR017,2017-11-18
CUST00818,Suresh a/p Suppiah,820725-05-3690,michelleparker@example.net,+6018-8950226,Software Engineer,3135.38,3.161715,101.699952,BR015,2025-06-25
CUST00819,Zhi Hao Wong,001222-02-8679,xforbes@example.org,+6019-3624846,Teacher,10712.35,3.152779,101.74076,BR004,2023-01-22
CUST00820,Haziq Hassan,830927-14-6009,lonniegrant@example.net,+6015-7765720,Business Owner,10431.06,3.021569,101.49723,BR009,2017-09-05
CUST00821,Muhammad Hassan,710518-05-9557,jessicacannon@example.com,+6019-7424776,Sales Executive,15257.3,3.010124,101.453502,BR009,2026-02-09
CUST00822,Kavitha a/p Raman,700831-07-2496,edwin31@example.org,+6019-3457722,Nurse,2829.64,3.082235,101.589289,BR006,2018-05-05
CUST00823,Hafiz Bakar,930814-04-4944,catherine93@example.net,+6018-7597584,Civil Servant,12259.9,3.221921,101.707664,BR014,2018-10-26
CUST00824,Hui Min Lim,891112-09-3341,christopher72@example.net,+6016-8409604,Architect,5376.89,3.105928,101.641101,BR007,2024-12-15
CUST00825,Anitha a/p Raman,781208-12-7948,jack67@example.com,+6013-4204180,Civil Servant,3248.41,3.197483,101.756273,BR001,2017-11-14
CUST00826,Kai Xuan Goh,650227-04-7043,ortiztanya@example.com,+6014-9435472,Software Engineer,4617.35,3.003253,101.561265,BR007,2025-12-31
CUST00827,Wei Ling Ng,660816-01-8713,katherinejones@example.com,+6019-8624921,Architect,15770.58,3.058443,101.504726,BR009,2025-03-02
CUST00828,Ahmad Kamal,791229-06-3156,michelle36@example.com,+6011-8039259,Consultant,4191.61,3.170108,101.738415,BR001,2024-04-04
CUST00829,Jia Hao Goh,851122-01-6450,zcortez@example.net,+6015-3838932,Lawyer,8170.05,3.09716,101.407057,BR009,2025-11-20
CUST00830,Yi Xuan Tan,840204-05-5368,meyershannon@example.org,+6011-3895499,Architect,6629.85,3.074104,101.776846,BR003,2025-04-10
CUST00831,Iskandar Abdullah,671013-11-8639,cterrell@example.net,+6019-2444438,Lawyer,4360.55,2.997442,101.59953,BR010,2020-05-15
CUST00832,Priya a/p Raman,931003-06-1171,leescott@example.com,+6013-7283563,Architect,10960.79,3.002954,101.84595,BR011,2024-03-26
CUST00833,Deepa a/p Govindasamy,691016-10-3916,robertoaustin@example.org,+6014-3355958,Lawyer,3131.08,3.086812,101.626128,BR005,2023-05-25
CUST00834,Aiman Yusof,000905-12-6715,cgallegos@example.org,+6018-8544263,Consultant,8440.77,3.167545,101.720029,BR015,2023-09-21
CUST00835,Mei Chen Goh,610225-10-4398,phillipmorris@example.org,+6015-9451778,Doctor,4159.72,3.110079,101.576785,BR007,2018-04-14
CUST00836,Zhi Hao Chan,850104-06-8785,nicoledavis@example.com,+6012-8839101,Lawyer,3145.98,2.994246,101.39714,BR009,2023-05-31
CUST00837,Jia Hao Chong,001108-11-2641,jennifermartinez@example.org,+6012-7006319,Business Owner,6413.72,3.121008,101.70852,BR001,2023-07-23
CUST00838,Kavitha a/l Naidu,870315-08-5138,millspatrick@example.net,+6015-6668656,Architect,3857.11,3.229068,101.726078,BR014,2022-08-13
CUST00839,Priya a/p Suppiah,630629-13-1467,kwilliams@example.com,+6012-9593363,Nurse,19582.83,3.233729,101.786469,BR014,2022-02-24
CUST00840,Zulaikha Ismail,880622-02-2481,fernandothomas@example.net,+6014-3373320,Engineer,13527.05,3.124966,101.677575,BR005,2017-01-03
CUST00841,Nur Ismail,701125-07-8152,lroberts@example.org,+6011-5105930,Nurse,7459.84,3.001092,101.578651,BR010,2025-06-25
CUST00842,Farah Rahman,030709-07-8738,deanjohnny@example.com,+6016-8775970,Retail Manager,7709.32,3.208687,101.566881,BR016,2021-06-21
CUST00843,Amir Kamal,800605-14-7452,franklintrevor@example.org,+6018-2202201,Sales Executive,3476.62,3.056472,101.647259,BR010,2022-05-21
CUST00844,Ravi a/p Raman,790413-01-7523,mramos@example.net,+6011-4859992,Nurse,3499.9,2.901211,101.786283,BR012,2016-07-24
CUST00845,Yi Xuan Lee,990810-16-1570,christine83@example.org,+6014-8075570,Nurse,6888.19,3.166343,101.705653,BR014,2018-05-06
CUST00846,Farah Rahman,580401-11-3109,benjamin09@example.net,+6019-9505552,Civil Servant,15845.81,2.954116,101.594583,BR013,2019-06-25
CUST00847,Yi Xuan Tan,010707-04-8377,rodriguezvictoria@example.org,+6018-7254970,Engineer,5672.72,3.01379,101.648729,BR010,2023-03-21
CUST00848,Danish Ismail,860119-03-3463,tammycurry@example.com,+6010-6655862,Retail Manager,17754.02,3.207528,101.714752,BR014,2025-10-23
CUST00849,Yi Xuan Tan,600225-16-8540,marcus61@example.com,+6015-1840094,Lawyer,5383.14,3.169402,101.673726,BR015,2024-12-05
CUST00850,Hafiz Yusof,580928-15-6318,staylor@example.com,+6014-1597521,Lawyer,7061.67,3.113648,101.612574,BR006,2019-10-15
CUST00851,Siti Rahman,760308-16-8063,heathersalazar@example.org,+6014-6794620,Architect,17906.86,3.27367,101.604909,BR018,2022-03-18
CUST00852,Shalini a/p Suppiah,040618-05-2656,webbhaley@example.net,+6016-9600542,Retail Manager,7746.04,3.08322,101.655009,BR002,2019-05-15
CUST00853,Wei Ling Lee,851209-03-8101,jordan99@example.com,+6011-4215246,Lawyer,3021.95,3.068856,101.476007,BR009,2025-10-07
CUST00854,Kumar a/l Krishnan,860318-09-4042,ostone@example.com,+6014-9414832,Freelancer,5895.35,3.172512,101.634943,BR016,2021-06-03
CUST00855,Wei Ling Ong,640628-05-5501,jeanettekrause@example.org,+6014-8758476,Lawyer,4080.52,3.00467,101.57433,BR007,2017-09-04
CUST00856,Nabila Kamal,780928-15-7893,mclaughlinjared@example.net,+6019-6515543,Doctor,7754.55,3.026135,101.491829,BR008,2026-06-27
CUST00857,Kai Xuan Chan,760313-07-9720,michael30@example.net,+6012-7544141,Business Owner,3305.88,3.103186,101.671793,BR005,2018-07-04
CUST00858,Kavitha a/l Naidu,690730-12-5981,parkerwilliam@example.com,+6014-6290495,Architect,3849.0,2.871029,101.817277,BR012,2024-03-01
CUST00859,Anitha a/l Naidu,610310-10-9040,matthew99@example.org,+6013-7296226,Doctor,2763.39,3.194953,101.762705,BR014,2024-10-25
CUST00860,Zhi Hao Wong,650313-06-7571,sandra77@example.org,+6018-7853764,Sales Executive,5963.63,3.156348,101.721601,BR004,2022-12-14
CUST00861,Jia Hao Chong,790728-13-9107,imcclain@example.com,+6017-5803038,Consultant,5049.39,2.953552,101.829845,BR017,2021-02-13
CUST00862,Wei Ling Goh,960316-04-7280,conleykevin@example.net,+6019-8014552,Civil Servant,3320.59,3.021525,101.807034,BR011,2023-04-12
CUST00863,Shalini a/l Naidu,830404-01-6325,clarkgina@example.com,+6019-5193310,Nurse,6151.7,3.118064,101.773183,BR003,2017-02-26
CUST00864,Nabila Ibrahim,621217-06-8500,morgannicholas@example.net,+6015-5015044,Nurse,3444.34,3.318725,101.537812,BR018,2024-12-02
CUST00865,Jia Hao Tan,840117-15-4963,hlopez@example.com,+6012-8741111,Doctor,3782.76,3.065089,101.57997,BR007,2023-07-20
CUST00866,Aina Rahman,710322-14-9515,nelsonchristopher@example.org,+6017-7464522,Teacher,18600.28,3.184777,101.734482,BR001,2020-03-18
CUST00867,Nabila Abdullah,961220-10-7527,javier42@example.org,+6010-7096391,Civil Servant,6290.46,3.190925,101.749714,BR015,2020-03-28
CUST00868,Muhammad Ismail,570513-04-3768,robinwallace@example.org,+6015-7927195,Freelancer,3179.67,3.072785,101.455533,BR009,2024-06-26
CUST00869,Jia Hao Chong,000929-08-5259,jamesmclean@example.net,+6015-5954178,Retail Manager,16394.74,3.102786,101.770283,BR003,2025-03-27
CUST00870,Jun Wei Tan,710106-08-7076,douglas18@example.net,+6019-7085502,Retail Manager,9899.63,3.069249,101.614704,BR005,2026-06-04
CUST00871,Cheng Wei Chan,651003-05-3400,stevensjennifer@example.net,+6019-5904531,Consultant,3268.45,2.984542,101.656666,BR010,2017-08-27
CUST00872,Suresh a/p Raman,710117-13-8814,mcdanielbrooke@example.org,+6019-3859007,Sales Executive,14013.14,3.131891,101.739399,BR001,2019-10-30
CUST00873,Yi Xuan Chan,991216-16-7223,meyerdonna@example.com,+6010-2086368,Sales Executive,9801.06,3.176085,101.620744,BR006,2016-09-20
CUST00874,Priya a/p Govindasamy,930603-01-9587,manuellee@example.com,+6013-4397889,Sales Executive,5894.72,3.041187,101.579986,BR007,2021-10-26
CUST00875,Priya a/l Krishnan,940219-03-1917,nelsoneric@example.org,+6017-9773624,Accountant,10192.22,3.367409,101.619971,BR018,2016-08-24
CUST00876,Nur Bakar,860823-09-2496,clarkmichael@example.com,+6013-2068187,Nurse,10731.03,3.086295,101.636719,BR006,2019-03-17
CUST00877,Kavitha a/p Suppiah,020830-11-2196,audrey21@example.com,+6013-9024526,Teacher,9198.51,3.152693,101.797376,BR004,2022-08-18
CUST00878,Zulaikha Bakar,720607-04-8252,bwilliams@example.com,+6013-8654679,Software Engineer,11248.92,3.029395,101.628572,BR010,2025-07-12
CUST00879,Farah Bakar,580107-09-9719,bbrown@example.com,+6013-6723417,Business Owner,3855.69,2.926322,101.861663,BR017,2018-04-14
CUST00880,Aina Abdullah,850420-16-3672,tjensen@example.com,+6012-2099905,Engineer,5566.24,3.035626,101.7886,BR011,2024-09-02
CUST00881,Hui Min Lee,910221-07-6033,beltrankatelyn@example.com,+6018-6123490,Sales Executive,16216.96,3.08684,101.618142,BR007,2022-03-05
CUST00882,Zulaikha Ismail,600221-06-3587,tdavis@example.net,+6019-3636248,Sales Executive,7934.04,2.955953,101.820888,BR011,2022-12-10
CUST00883,Suresh a/p Raman,931027-10-7075,ohall@example.org,+6012-6137726,Sales Executive,7402.31,3.041871,101.490282,BR009,2025-02-08
CUST00884,Jun Wei Ong,860506-02-7697,philip55@example.com,+6015-3347640,Architect,4034.1,3.150659,101.78471,BR014,2021-05-15
CUST00885,Suresh a/l Krishnan,581006-13-6336,bellsteven@example.org,+6018-4346251,Engineer,2929.96,2.864606,101.776986,BR012,2019-04-27
CUST00886,Nur Ismail,721204-16-1753,williamsullivan@example.net,+6016-9171197,Accountant,3060.29,3.017192,101.842899,BR011,2024-06-18
CUST00887,Iskandar Kamal,711016-10-2819,sparksamanda@example.com,+6017-3252923,Retail Manager,2647.98,3.048997,101.437722,BR009,2022-05-27
CUST00888,Zulaikha Yusof,670605-11-9955,amydickson@example.com,+6014-9909162,Consultant,3082.84,3.063385,101.577339,BR007,2017-02-26
CUST00889,Anitha a/l Krishnan,651128-11-8673,bmueller@example.net,+6013-8731003,Sales Executive,6871.84,3.219732,101.68545,BR015,2024-05-15
CUST00890,Kumar a/p Raman,820921-16-1786,gilbertcaldwell@example.net,+6018-2011437,Doctor,19947.85,3.164077,101.752865,BR004,2025-10-21
CUST00891,Hui Min Chan,840316-03-2509,mwilson@example.com,+6018-2884667,Doctor,18217.83,3.029988,101.635192,BR010,2019-10-01
CUST00892,Jun Wei Wong,600518-09-8630,zthompson@example.org,+6017-3553581,Freelancer,5135.86,3.136177,101.73532,BR003,2022-06-24
CUST00893,Vikram a/l Muthu,891009-13-1309,pmurphy@example.net,+6010-4778731,Sales Executive,10674.68,2.92938,101.593845,BR013,2017-02-09
CUST00894,Hui Min Chan,660518-12-3500,paigeberger@example.net,+6013-3487789,Accountant,3116.96,3.085881,101.594457,BR007,2024-08-05
CUST00895,Hafiz Kamal,930508-08-4421,shawncarter@example.net,+6013-6082313,Nurse,3348.57,3.088647,101.720786,BR003,2022-04-11
CUST00896,Wei Ling Lee,650412-01-8273,kevin46@example.net,+6013-7382330,Software Engineer,5897.12,3.152255,101.777619,BR015,2026-04-28
CUST00897,Priya a/l Muthu,720916-04-3668,aguilarcheryl@example.net,+6013-3019277,Architect,5754.37,3.136725,101.632843,BR006,2020-07-15
CUST00898,Nur Rahman,611115-04-8486,bryan80@example.org,+6010-1121728,Civil Servant,5901.08,2.93455,101.812638,BR017,2023-07-13
CUST00899,Xin Yi Lim,960714-08-2383,daniel40@example.org,+6016-8908133,Software Engineer,5461.51,3.25231,101.748508,BR014,2020-10-24
CUST00900,Siti Hassan,850102-05-3297,jennifer66@example.com,+6017-1654157,Software Engineer,5234.39,3.142982,101.57623,BR006,2021-12-12
CUST00901,Jun Wei Ong,880815-05-3975,jtaylor@example.com,+6015-2835286,Engineer,11672.78,3.127269,101.5821,BR006,2024-12-05
CUST00902,Xin Yi Teh,730705-01-8708,qmoore@example.org,+6010-3421636,Civil Servant,15182.09,2.942125,101.727793,BR011,2017-11-02
CUST00903,Siti Rahman,590131-14-2086,thomasnicole@example.net,+6011-8980743,Architect,4466.74,3.14154,101.676741,BR001,2020-11-11
CUST00904,Kumar a/l Krishnan,050103-05-6290,taylorlinda@example.com,+6018-7133460,Lawyer,13913.62,3.200001,101.630845,BR016,2025-06-07
CUST00905,Siti Hassan,900407-08-2346,dhanson@example.net,+6011-7775286,Business Owner,4273.84,2.909679,101.898999,BR017,2020-09-26
CUST00906,Suresh a/l Krishnan,960701-09-3157,lkelly@example.com,+6015-8080336,Sales Executive,3822.4,3.211201,101.723804,BR015,2022-07-17
CUST00907,Vikram a/p Govindasamy,840523-01-3342,jenniferadams@example.net,+6010-4990114,Nurse,4540.99,3.160805,101.73128,BR002,2022-04-05
CUST00908,Iskandar Ibrahim,570303-09-9943,carrolljanet@example.org,+6017-2976676,Retail Manager,7189.79,3.246265,101.715416,BR015,2022-04-19
CUST00909,Aiman Kamal,030802-04-6609,thomasjessica@example.com,+6018-5410115,Teacher,8304.97,3.232706,101.574709,BR016,2021-02-22
CUST00910,Muhammad Hassan,590529-10-3069,sanchezcrystal@example.net,+6015-6151115,Architect,8995.61,3.228684,101.673566,BR015,2026-02-06
CUST00911,Amir Hassan,590527-01-4255,chloe58@example.org,+6015-9817680,Lawyer,4059.88,3.144058,101.606335,BR005,2021-03-08
CUST00912,Anitha a/l Naidu,810216-06-7135,vberry@example.com,+6012-2680038,Freelancer,15418.21,3.09424,101.580998,BR008,2020-01-10
CUST00913,Hafiz Ibrahim,040520-13-5857,keith09@example.net,+6016-9753488,Civil Servant,6138.01,3.032746,101.642807,BR007,2019-07-15
CUST00914,Muhammad Yusof,940930-03-1970,bryan79@example.org,+6016-3353898,Nurse,3461.86,3.335675,101.539788,BR018,2022-03-23
CUST00915,Mei Chen Ong,880424-12-2155,lisa90@example.com,+6013-5634166,Nurse,16875.86,2.931183,101.624294,BR013,2021-05-05
CUST00916,Nur Bakar,611102-01-2921,yorkjoshua@example.org,+6018-6220408,Doctor,13653.31,3.12592,101.674057,BR005,2022-08-27
CUST00917,Xin Yi Lim,690404-03-6593,alexis19@example.org,+6014-1687389,Civil Servant,5394.08,3.343761,101.570664,BR018,2025-08-06
CUST00918,Ravi a/p Govindasamy,920611-04-2451,lwood@example.com,+6019-7082569,Accountant,6827.19,3.231242,101.545584,BR016,2024-04-27
CUST00919,Wei Ling Lim,670422-09-9320,laurenatkins@example.com,+6015-8040480,Freelancer,4172.59,3.081908,101.47472,BR009,2026-05-03
CUST00920,Kavitha a/p Raman,031112-09-2703,marymullins@example.com,+6017-7305252,Lawyer,12591.05,3.17318,101.571874,BR016,2024-03-14
CUST00921,Zulaikha Rahman,670524-12-7911,kbarber@example.org,+6016-1668822,Sales Executive,13528.92,3.107346,101.795191,BR004,2022-04-10
CUST00922,Amir Ibrahim,970803-11-2618,maykarla@example.org,+6014-7914627,Engineer,6098.18,3.127202,101.671466,BR001,2017-01-07
CUST00923,Anitha a/l Krishnan,780912-11-8507,vturner@example.net,+6014-3694288,Accountant,15779.44,3.049152,101.554164,BR008,2018-10-31
CUST00924,Kai Xuan Lee,890902-08-6186,jwells@example.net,+6014-2699501,Retail Manager,15461.6,3.241856,101.559303,BR016,2025-03-14
CUST00925,Danish Ibrahim,560202-12-6521,ureyes@example.net,+6017-7064346,Engineer,2818.43,3.03126,101.611171,BR007,2023-04-29
CUST00926,Suresh a/l Naidu,570719-06-7520,stephanie69@example.net,+6019-2273983,Accountant,18976.37,3.295468,101.583933,BR018,2025-01-29
CUST00927,Xin Yi Lee,720330-13-2697,leah49@example.com,+6014-2379281,Sales Executive,8489.27,2.996649,101.774422,BR011,2021-02-08
CUST00928,Iskandar Yusof,890405-08-5019,jessicachapman@example.org,+6013-8387946,Freelancer,4123.05,3.157305,101.753492,BR001,2021-09-11
CUST00929,Kavitha a/p Suppiah,890520-07-7755,lawrencesmith@example.org,+6012-9700184,Lawyer,6514.1,3.210189,101.792049,BR014,2024-10-24
CUST00930,Suresh a/p Govindasamy,560204-12-6972,foxgina@example.com,+6013-6371304,Doctor,9613.91,2.948903,101.756377,BR012,2018-09-09
CUST00931,Danish Ismail,690829-16-9771,austinharvey@example.org,+6015-2758380,Engineer,12180.11,3.200701,101.797728,BR004,2025-11-18
CUST00932,Naveen a/p Raman,880429-15-8174,stephanielittle@example.net,+6017-8317957,Teacher,14719.5,3.168041,101.763615,BR015,2026-01-27
CUST00933,Kumar a/l Krishnan,591025-12-2071,nicholasgallagher@example.net,+6014-5228060,Retail Manager,2555.15,3.243038,101.535936,BR016,2022-02-26
CUST00934,Zhi Hao Chan,031109-11-4810,dominguezjon@example.com,+6019-9522069,Civil Servant,6388.64,3.026051,101.640257,BR010,2023-02-06
CUST00935,Zulaikha Abdullah,590413-03-2042,rlivingston@example.com,+6018-7940926,Retail Manager,2822.41,2.925554,101.820622,BR012,2023-06-02
CUST00936,Ahmad Bakar,881115-13-7347,jonathan14@example.org,+6016-7396996,Retail Manager,7465.43,3.130515,101.710983,BR004,2020-04-28
CUST00937,Mei Chen Ong,720217-13-4286,scottlisa@example.org,+6013-6892169,Freelancer,17021.78,3.044866,101.405848,BR009,2020-11-25
CUST00938,Wei Ling Teh,800131-12-2564,chelseywhite@example.com,+6012-1029006,Doctor,11675.17,3.181109,101.615582,BR002,2017-07-31
CUST00939,Anitha a/l Muthu,820712-06-9768,probinson@example.org,+6013-6792299,Teacher,15196.62,3.102322,101.638195,BR006,2025-08-15
CUST00940,Haziq Bakar,910408-15-1497,johnsonchad@example.net,+6019-1650524,Doctor,7277.77,3.136792,101.662517,BR006,2019-01-01
CUST00941,Jia Hao Chong,771016-04-9153,ohernandez@example.org,+6013-3604706,Lawyer,19143.28,3.145741,101.581188,BR006,2025-10-28
CUST00942,Cheng Wei Lim,880922-05-4923,edward56@example.net,+6017-4159823,Engineer,5754.12,3.270523,101.544498,BR018,2016-07-13
CUST00943,Shalini a/l Muthu,901117-13-9951,zmendoza@example.net,+6013-5740596,Sales Executive,11515.51,2.905479,101.86286,BR017,2024-04-21
CUST00944,Yi Xuan Ong,941007-04-6267,aaronfinley@example.com,+6018-9121925,Lawyer,6241.65,2.876153,101.596043,BR013,2017-09-15
CUST00945,Kumar a/l Naidu,820406-06-6138,mathew46@example.org,+6010-9963934,Software Engineer,10258.87,3.095279,101.619358,BR002,2022-10-26
CUST00946,Alya Ibrahim,030610-12-1732,diazmelissa@example.com,+6013-2655084,Architect,4399.93,2.952293,101.802959,BR017,2017-04-19
CUST00947,Deepa a/p Suppiah,780624-02-7250,deborah28@example.org,+6013-2951710,Business Owner,5341.36,3.064391,101.599307,BR007,2026-03-04
CUST00948,Amir Hassan,880713-05-3321,heather15@example.com,+6019-5130100,Lawyer,13074.09,2.961244,101.773776,BR012,2017-05-06
CUST00949,Suresh a/p Raman,870219-14-7178,donaldlee@example.net,+6014-4179223,Consultant,8125.16,3.035084,101.383932,BR009,2026-06-17
CUST00950,Wei Ling Chan,670603-04-2888,ibrown@example.net,+6012-9196287,Teacher,5645.82,3.124918,101.606476,BR005,2019-07-29
CUST00951,Vikram a/l Krishnan,820312-09-2777,blevy@example.org,+6011-7625427,Consultant,5207.44,3.294412,101.62109,BR018,2019-11-21
CUST00952,Siti Abdullah,720519-02-7358,sullivanjason@example.net,+6012-2402709,Engineer,4735.9,3.20101,101.531351,BR016,2023-03-03
CUST00953,Mei Chen Chan,780601-07-4447,joycehall@example.org,+6015-1734135,Lawyer,5034.49,3.146608,101.671455,BR002,2016-11-11
CUST00954,Farah Bakar,620729-13-3508,ruizsamantha@example.org,+6014-9482469,Teacher,12030.66,3.100112,101.52934,BR007,2018-12-03
CUST00955,Wei Ling Chan,871208-10-3639,jacksonbrendan@example.com,+6012-6327664,Software Engineer,2722.73,3.144427,101.756779,BR003,2024-09-14
CUST00956,Ravi a/p Govindasamy,600511-04-4828,marybrown@example.org,+6010-7395699,Software Engineer,3625.42,2.979086,101.742584,BR011,2017-08-21
CUST00957,Danish Abdullah,850331-16-7325,bryanharris@example.com,+6014-7488875,Architect,5331.84,3.271438,101.595113,BR018,2024-08-11
CUST00958,Cheng Wei Chan,040809-08-3365,rnguyen@example.net,+6014-3925160,Civil Servant,4498.28,3.102351,101.688999,BR005,2021-12-15
CUST00959,Xin Yi Lee,710730-08-7590,kathrynwatkins@example.com,+6012-6921373,Accountant,13012.71,3.124668,101.697485,BR002,2017-02-15
CUST00960,Cheng Wei Ong,690311-13-3180,xjackson@example.net,+6018-4454681,Accountant,10335.22,3.17825,101.699428,BR015,2018-02-22
CUST00961,Shalini a/l Krishnan,670905-14-7140,andersonkylie@example.net,+6014-4582165,Civil Servant,4880.28,3.198211,101.754484,BR015,2022-08-15
CUST00962,Vikram a/l Muthu,940519-06-7296,hobbschristopher@example.org,+6018-8244130,Nurse,10477.44,3.026125,101.591598,BR007,2018-04-16
CUST00963,Ravi a/l Krishnan,591214-07-3468,robert72@example.org,+6016-6309832,Architect,7084.63,3.122569,101.650737,BR005,2017-12-04
CUST00964,Jun Wei Teh,690116-04-2070,ljenkins@example.net,+6011-1360140,Software Engineer,4340.34,2.97514,101.890655,BR017,2023-05-31
CUST00965,Kai Xuan Wong,850423-03-6946,fsalazar@example.net,+6019-6293212,Lawyer,4309.03,3.156809,101.617109,BR005,2024-10-05
CUST00966,Xin Yi Lim,700722-06-7802,psmith@example.org,+6011-9930598,Lawyer,15544.19,3.280723,101.624239,BR018,2017-09-02
CUST00967,Zhi Hao Lim,820103-02-3221,montgomerymichelle@example.net,+6016-8932487,Civil Servant,7184.98,3.151536,101.590649,BR005,2021-07-28
CUST00968,Jun Wei Teh,780915-16-6633,joshualee@example.org,+6015-2426239,Sales Executive,4972.3,3.130306,101.562643,BR006,2023-05-08
CUST00969,Muhammad Hassan,031205-03-6811,kjimenez@example.net,+6019-9300525,Software Engineer,6566.13,2.970651,101.824205,BR011,2025-09-21
CUST00970,Zhi Hao Goh,580313-01-9021,justin64@example.com,+6015-3799814,Software Engineer,6951.8,3.097012,101.496321,BR009,2022-08-31
CUST00971,Wei Ling Ng,000101-02-3140,vwilliams@example.org,+6019-1179145,Retail Manager,5559.49,3.210234,101.700297,BR015,2025-09-29
CUST00972,Yi Xuan Tan,640416-14-7671,washingtondarren@example.org,+6015-3220298,Sales Executive,6433.34,3.066182,101.424838,BR009,2023-09-17
CUST00973,Haziq Bakar,850217-04-1376,robert53@example.org,+6012-2795994,Accountant,2648.83,3.140324,101.79596,BR003,2019-10-04
CUST00974,Alya Rahman,600525-11-2153,ykane@example.org,+6012-8730320,Freelancer,4246.8,3.18202,101.74133,BR001,2017-03-25
CUST00975,Nabila Ismail,841001-06-2502,zamoradustin@example.net,+6011-1064443,Civil Servant,4083.19,3.101889,101.638722,BR007,2021-01-17
CUST00976,Kai Xuan Goh,741111-16-4048,stephenlee@example.com,+6017-5832903,Retail Manager,3852.32,3.05411,101.547048,BR007,2026-04-02
CUST00977,Kumar a/l Muthu,650809-07-3031,antoniocarroll@example.com,+6011-4157447,Nurse,7147.0,3.187264,101.59324,BR006,2017-11-10
CUST00978,Shalini a/l Krishnan,980129-14-5111,wbarnes@example.com,+6015-5039461,Doctor,7616.95,3.204819,101.702424,BR014,2018-09-11
CUST00979,Muhammad Abdullah,700403-02-8046,kristinelittle@example.net,+6011-8481497,Software Engineer,6860.75,3.106643,101.794621,BR003,2025-07-21
CUST00980,Shalini a/p Govindasamy,840527-11-8385,christophervincent@example.com,+6015-9060593,Sales Executive,11761.7,3.114781,101.772554,BR003,2025-02-12
CUST00981,Nur Ismail,660426-15-6314,rhood@example.org,+6016-8778317,Consultant,6082.62,3.149634,101.659653,BR002,2023-10-18
CUST00982,Wei Ling Lee,920421-05-7544,johnhamilton@example.org,+6015-1234044,Civil Servant,10073.36,2.980285,101.833943,BR011,2025-05-31
CUST00983,Nur Rahman,850131-11-4240,robinvillanueva@example.com,+6010-9343685,Civil Servant,7404.22,3.146148,101.66759,BR001,2026-04-19
CUST00984,Nur Bakar,570701-06-8984,gquinn@example.org,+6010-6928554,Teacher,5631.49,3.196041,101.636433,BR016,2020-10-02
CUST00985,Nur Bakar,750319-10-3598,chavezjohn@example.net,+6015-6211203,Freelancer,15189.39,3.047656,101.523877,BR007,2024-01-10
CUST00986,Kai Xuan Chong,900226-03-1290,idodson@example.com,+6017-7207712,Civil Servant,7806.02,3.093199,101.700436,BR005,2019-06-15
CUST00987,Kavitha a/l Krishnan,871117-07-3082,smithelizabeth@example.org,+6015-4840752,Retail Manager,5329.56,3.300285,101.613335,BR018,2023-07-13
CUST00988,Kavitha a/l Muthu,980524-05-6269,braysteven@example.org,+6011-9879099,Architect,19365.73,2.994285,101.736562,BR011,2025-03-28
CUST00989,Jia Hao Chan,751007-09-3344,courtney01@example.com,+6015-1990212,Architect,11926.57,2.951293,101.692516,BR013,2025-06-06
CUST00990,Hui Min Lee,720221-11-9786,phillipskaren@example.net,+6013-4157389,Lawyer,3710.16,3.094269,101.443576,BR009,2025-12-16
CUST00991,Naveen a/l Krishnan,820814-01-5885,kristinmiller@example.com,+6014-4426579,Nurse,4600.87,3.104728,101.508819,BR008,2023-11-08
CUST00992,Farah Bakar,580328-06-8276,pamela16@example.com,+6015-2807658,Business Owner,5192.23,3.101536,101.626469,BR005,2021-02-23
CUST00993,Zulaikha Ismail,570716-11-8816,gregory81@example.net,+6015-3378218,Sales Executive,5812.6,3.042409,101.740123,BR011,2023-08-04
CUST00994,Anitha a/p Suppiah,650924-02-5635,john17@example.net,+6015-1660711,Doctor,2611.72,3.117255,101.665247,BR006,2025-11-20
CUST00995,Siti Ismail,840702-08-2505,karenhodges@example.com,+6015-6990825,Sales Executive,5702.51,3.151163,101.817327,BR004,2020-01-09
CUST00996,Kumar a/l Naidu,681111-05-9980,eramirez@example.com,+6011-4477154,Architect,2818.12,3.219432,101.716325,BR014,2019-12-13
CUST00997,Ahmad Abdullah,791022-16-1694,harrisonamanda@example.net,+6010-4674225,Engineer,18445.8,3.144449,101.6958,BR002,2025-06-28
CUST00998,Kai Xuan Ong,780204-16-1385,lauren13@example.com,+6016-2140205,Software Engineer,4626.02,2.869328,101.68928,BR013,2017-05-14
CUST00999,Farah Rahman,750112-13-4486,keithfrye@example.org,+6012-9996446,Software Engineer,11377.01,2.917089,101.827462,BR012,2018-02-21
CUST01000,Hui Min Ong,610204-09-6480,tylergolden@example.net,+6013-6487124,Business Owner,6776.62,3.172197,101.654951,BR006,2026-01-07
CUST01001,Naveen a/p Suppiah,560818-04-4368,imontes@example.org,+6013-6009840,Consultant,5250.2,3.022628,101.527483,BR007,2021-03-27
CUST01002,Cheng Wei Tan,760702-09-4552,carterbryan@example.org,+6018-1399507,Business Owner,2524.72,3.080527,101.566819,BR008,2024-11-05
CUST01003,Yi Xuan Chong,810623-06-9055,robert55@example.com,+6017-5787252,Engineer,10982.22,3.245349,101.734099,BR015,2022-06-06
CUST01004,Haziq Abdullah,900504-09-1000,kellis@example.org,+6014-8466878,Civil Servant,7864.23,3.170795,101.756498,BR001,2025-06-24
CUST01005,Iskandar Hassan,701027-09-7840,jeremy54@example.org,+6010-5990717,Engineer,4920.27,3.230246,101.713413,BR014,2017-12-23
CUST01006,Muhammad Abdullah,690918-08-8458,christinemartin@example.net,+6019-5582437,Business Owner,8759.41,3.16812,101.531499,BR016,2019-05-08
CUST01007,Nur Rahman,040227-16-8085,evanwilson@example.com,+6017-7919330,Nurse,4445.81,2.940545,101.596805,BR013,2022-03-29
CUST01008,Xin Yi Chan,770716-09-4081,jack80@example.net,+6013-8516010,Engineer,6775.64,3.089342,101.525315,BR007,2019-08-31
CUST01009,Kavitha a/p Raman,720908-12-8475,shane28@example.com,+6017-3749697,Sales Executive,3817.2,3.105921,101.619261,BR002,2017-09-16
CUST01010,Kai Xuan Ong,560928-12-5791,dmack@example.com,+6012-9296512,Freelancer,13180.54,3.144672,101.606923,BR006,2018-01-21
CUST01011,Mei Chen Chong,040102-06-1700,deborah47@example.com,+6015-9495191,Consultant,12099.8,2.931826,101.779911,BR012,2026-03-11
CUST01012,Ravi a/l Naidu,930316-13-2339,laurenchandler@example.com,+6016-2877034,Doctor,6318.49,3.158893,101.678041,BR005,2019-11-19
CUST01013,Ravi a/p Govindasamy,610210-16-2915,imccullough@example.net,+6015-7263305,Doctor,4373.86,3.093193,101.554669,BR008,2022-01-02
CUST01014,Anitha a/p Govindasamy,701125-08-8432,owilliamson@example.com,+6012-4159672,Retail Manager,2501.19,3.224403,101.790739,BR014,2020-01-26
CUST01015,Mei Chen Lim,711025-07-9879,brandywalker@example.com,+6011-4204558,Software Engineer,10485.05,2.99399,101.606499,BR010,2018-06-14
CUST01016,Muhammad Yusof,590904-12-7602,frhodes@example.net,+6010-6036779,Sales Executive,13142.29,3.241758,101.711484,BR015,2020-06-09
CUST01017,Jun Wei Teh,800108-16-6236,kerrmichael@example.org,+6015-1520770,Business Owner,12605.06,3.148364,101.730964,BR002,2023-08-28
CUST01018,Amir Kamal,761116-16-2422,swatson@example.com,+6017-5230482,Doctor,17967.56,3.256774,101.565111,BR016,2020-01-04
CUST01019,Aina Ibrahim,040516-02-6289,lewispamela@example.net,+6014-8569862,Accountant,16205.89,2.965141,101.848242,BR011,2026-06-03
CUST01020,Kumar a/l Naidu,950906-09-7359,frank66@example.org,+6018-1817300,Business Owner,6943.76,3.146416,101.681229,BR015,2024-11-07
CUST01021,Mei Chen Tan,850524-05-2258,jaredwells@example.net,+6013-9089070,Architect,16934.37,3.032832,101.60909,BR010,2026-05-13
CUST01022,Danish Ibrahim,581020-16-4747,adavis@example.net,+6017-2947659,Teacher,19745.56,3.107625,101.636232,BR002,2025-08-22
CUST01023,Kumar a/p Suppiah,760322-01-9604,wpage@example.org,+6015-2783889,Civil Servant,5476.16,3.188887,101.605206,BR016,2018-06-27
CUST01024,Muhammad Rahman,970209-16-7575,angela04@example.net,+6018-5080755,Nurse,14845.05,3.085741,101.466204,BR009,2019-07-15
CUST01025,Aina Kamal,830618-06-7770,ywalker@example.org,+6011-1666991,Accountant,5551.2,3.291879,101.521946,BR018,2018-01-13
CUST01026,Farah Abdullah,700703-09-9692,qmartinez@example.com,+6010-6089270,Engineer,2774.12,2.980845,101.79472,BR017,2020-08-31
CUST01027,Iskandar Bakar,800203-13-9870,anthonyhubbard@example.com,+6011-3451359,Freelancer,2753.91,3.201001,101.529797,BR016,2026-06-10
CUST01028,Hui Min Lim,581031-12-4692,bianca96@example.com,+6014-7818117,Software Engineer,4650.18,3.108656,101.654856,BR006,2022-10-11
CUST01029,Nur Kamal,790419-08-3086,brooksjessica@example.org,+6017-9548784,Civil Servant,9887.42,2.915876,101.698184,BR013,2024-12-12
CUST01030,Suresh a/p Suppiah,630822-03-2390,thomassteven@example.net,+6012-1670225,Sales Executive,5482.92,3.100029,101.685033,BR003,2017-11-06
CUST01031,Hui Min Teh,630830-16-9379,michael50@example.com,+6017-7477579,Engineer,16342.99,3.038433,101.832074,BR011,2019-05-31
CUST01032,Shalini a/p Govindasamy,870612-16-6610,palmerkatie@example.org,+6018-9673780,Lawyer,5380.58,3.103984,101.589884,BR005,2024-02-22
CUST01033,Jun Wei Goh,850608-08-4133,amybrennan@example.net,+6015-6139660,Accountant,6311.85,3.053089,101.569513,BR008,2024-06-29
CUST01034,Vikram a/p Govindasamy,690125-05-5833,cody95@example.org,+6013-7064744,Retail Manager,17576.37,3.085707,101.634195,BR007,2016-08-16
CUST01035,Ravi a/l Muthu,810528-11-3999,kimberly65@example.org,+6017-7291432,Accountant,7009.65,3.036883,101.581309,BR010,2017-07-09
CUST01036,Anitha a/p Raman,630323-13-7440,mariepope@example.net,+6010-2116463,Accountant,13940.67,3.056358,101.414392,BR009,2022-08-18
CUST01037,Suresh a/l Naidu,970125-14-9020,butlersabrina@example.org,+6019-2813267,Architect,3374.34,3.17158,101.672957,BR014,2024-09-07
CUST01038,Wei Ling Tan,010901-09-3087,sbailey@example.com,+6011-8101189,Accountant,2579.87,3.08323,101.750096,BR003,2017-11-19
CUST01039,Jun Wei Ng,770805-09-6792,gerald40@example.net,+6013-3545152,Software Engineer,5608.51,3.014311,101.58442,BR010,2024-08-22
CUST01040,Hafiz Abdullah,660812-09-8966,haileyparker@example.org,+6011-2605305,Accountant,4190.76,3.091803,101.653227,BR006,2017-10-18
CUST01041,Haziq Hassan,590605-10-8130,joneskim@example.com,+6019-7487804,Architect,8983.97,3.002455,101.412662,BR009,2016-12-02
CUST01042,Cheng Wei Lee,601120-01-9868,harrisonrebekah@example.org,+6014-4441489,Freelancer,7263.56,2.959201,101.687414,BR013,2017-02-27
CUST01043,Aina Ibrahim,881116-03-7187,pattonsamantha@example.org,+6012-7778101,Accountant,11289.7,3.204519,101.70533,BR015,2022-05-16
CUST01044,Zhi Hao Ong,650701-08-2059,anthony24@example.net,+6017-1367073,Civil Servant,5758.32,3.253101,101.603643,BR016,2019-12-22
CUST01045,Kavitha a/p Suppiah,630711-09-7006,williamjones@example.net,+6014-9028413,Nurse,15740.11,3.100528,101.724921,BR003,2024-02-17
CUST01046,Deepa a/l Muthu,811209-03-3601,tamarajackson@example.net,+6011-1839952,Business Owner,7762.04,2.906659,101.688673,BR013,2016-07-15
CUST01047,Alya Ibrahim,911007-14-6105,samanthayork@example.com,+6012-9732674,Teacher,8625.76,3.085009,101.40603,BR009,2020-02-28
CUST01048,Ravi a/l Krishnan,841218-06-4870,gnunez@example.org,+6010-4278016,Lawyer,3925.06,3.314284,101.566754,BR018,2024-11-04
CUST01049,Priya a/p Suppiah,040724-05-9743,olewis@example.com,+6012-5121265,Engineer,17196.2,3.345701,101.604459,BR018,2017-08-16
CUST01050,Hafiz Abdullah,040922-05-3167,owensapril@example.com,+6013-7160440,Lawyer,13459.33,2.881835,101.599124,BR013,2024-02-13
CUST01051,Nabila Hassan,900925-03-7183,millertristan@example.com,+6012-1009619,Business Owner,7295.93,3.15115,101.654994,BR006,2019-05-02
CUST01052,Naveen a/p Govindasamy,850707-12-7638,gloria73@example.net,+6014-9782376,Civil Servant,2833.79,2.963332,101.651704,BR013,2020-07-26
CUST01053,Muhammad Kamal,040929-13-7159,elopez@example.com,+6014-7268360,Software Engineer,5195.46,2.980336,101.669106,BR010,2025-11-20
CUST01054,Ravi a/p Suppiah,731113-08-3331,lutztravis@example.org,+6010-4809627,Architect,5897.34,3.123416,101.616406,BR005,2020-06-16
CUST01055,Aina Ismail,810818-05-2659,wilsonralph@example.net,+6014-7275276,Software Engineer,7682.87,3.253788,101.697391,BR014,2022-05-27
CUST01056,Zulaikha Yusof,600731-02-8855,calvinhester@example.com,+6011-6913673,Sales Executive,2886.96,2.950813,101.792587,BR012,2018-07-01
CUST01057,Nabila Yusof,970912-12-1395,bmartinez@example.net,+6017-7768131,Sales Executive,6111.02,3.077614,101.635638,BR002,2021-06-27
CUST01058,Wei Ling Goh,930926-14-9420,katelyn65@example.com,+6010-9488394,Teacher,5036.66,3.190163,101.794494,BR004,2023-03-01
CUST01059,Kavitha a/p Govindasamy,030102-07-2526,jdixon@example.com,+6019-7440597,Business Owner,3288.8,3.006408,101.478449,BR009,2017-07-29
CUST01060,Amir Hassan,680112-14-9962,ihall@example.org,+6019-5280671,Accountant,4731.8,3.236475,101.777567,BR014,2017-06-28
CUST01061,Kavitha a/l Muthu,580220-16-2871,jimenezanthony@example.org,+6011-8710913,Engineer,6658.79,3.069874,101.57899,BR008,2020-04-27
CUST01062,Jun Wei Goh,890616-11-6349,kevinhanson@example.org,+6018-3610506,Freelancer,7007.97,3.359572,101.61592,BR018,2023-02-08
CUST01063,Deepa a/p Raman,810629-10-9173,msparks@example.com,+6016-1860445,Lawyer,3100.68,3.150751,101.682962,BR001,2023-02-12
CUST01064,Deepa a/p Raman,800104-04-9883,amy88@example.org,+6018-7090010,Civil Servant,3985.05,3.069446,101.474912,BR008,2026-01-08
CUST01065,Siti Bakar,570128-02-8137,hbeard@example.com,+6016-8250571,Nurse,7924.26,3.137026,101.797567,BR003,2020-12-30
CUST01066,Aiman Hassan,980221-13-4506,cstevens@example.org,+6016-8215975,Consultant,5351.33,3.244284,101.579177,BR016,2022-01-23
CUST01067,Zulaikha Kamal,980707-03-1139,nicole27@example.com,+6012-8189752,Architect,17523.07,2.959484,101.6057,BR013,2017-11-03
CUST01068,Ravi a/l Muthu,910414-10-7009,kgallagher@example.net,+6015-2468345,Software Engineer,9199.66,3.154787,101.652855,BR001,2021-05-26
CUST01069,Ahmad Abdullah,830309-16-2761,kalvarez@example.net,+6014-5889357,Lawyer,4173.7,3.088002,101.635013,BR007,2017-01-19
CUST01070,Aina Yusof,680831-04-9133,wjensen@example.com,+6019-4754605,Retail Manager,3067.39,3.15151,101.648134,BR006,2019-09-13
CUST01071,Kavitha a/p Suppiah,561126-13-7848,andersonmichael@example.net,+6013-6189630,Freelancer,3153.22,2.964933,101.761763,BR012,2022-05-03
CUST01072,Muhammad Abdullah,931003-05-3446,oscar65@example.com,+6011-5739148,Engineer,5619.83,3.110611,101.824631,BR004,2020-08-12
CUST01073,Yi Xuan Lim,580426-07-8753,johnwong@example.net,+6010-7110418,Nurse,5707.8,3.342298,101.551579,BR018,2017-05-06
CUST01074,Mei Chen Chan,891123-11-8366,danny20@example.net,+6012-6484609,Retail Manager,11777.46,3.210117,101.708414,BR015,2019-10-04
CUST01075,Ravi a/l Muthu,780717-16-6481,abradley@example.com,+6012-1705070,Nurse,2980.05,3.185112,101.612416,BR006,2016-09-12
CUST01076,Ravi a/p Suppiah,781225-11-7111,odomnicholas@example.com,+6015-1045924,Teacher,3465.6,3.158282,101.687535,BR002,2019-09-20
CUST01077,Farah Yusof,600519-07-8126,rgarcia@example.org,+6010-8632836,Retail Manager,5515.68,2.937883,101.847012,BR017,2019-11-09
CUST01078,Aiman Kamal,800820-03-8774,garrett45@example.com,+6016-8776962,Lawyer,3643.8,3.147882,101.72757,BR001,2018-07-07
CUST01079,Xin Yi Ng,870409-09-7468,pittmanamanda@example.com,+6014-1071890,Doctor,2958.44,3.163242,101.692173,BR002,2019-02-23
CUST01080,Wei Ling Ong,700512-09-9769,nballard@example.net,+6018-7991989,Software Engineer,17535.56,3.178582,101.709013,BR002,2026-01-28
CUST01081,Jun Wei Tan,910520-10-2898,vargasjoshua@example.net,+6013-7526781,Doctor,3951.44,3.256151,101.544174,BR016,2024-07-04
CUST01082,Vikram a/l Muthu,790405-01-2629,michaeljones@example.com,+6012-5331763,Nurse,6851.34,3.008975,101.843538,BR011,2021-07-17
CUST01083,Nabila Ismail,700629-10-9885,james64@example.net,+6018-2150745,Teacher,4465.63,2.872598,101.840373,BR012,2021-08-25
CUST01084,Muhammad Yusof,890127-04-9199,nicoleburton@example.net,+6018-8806392,Doctor,2744.2,3.094202,101.616877,BR006,2025-02-14
CUST01085,Jia Hao Chong,840503-09-1298,donnaholloway@example.com,+6019-2449957,Teacher,14265.04,3.123879,101.583943,BR006,2019-03-05
CUST01086,Deepa a/p Suppiah,870524-14-2696,umichael@example.net,+6018-7752148,Accountant,13801.08,2.865266,101.830538,BR012,2017-02-03
CUST01087,Priya a/p Govindasamy,650712-16-8501,jhernandez@example.net,+6016-6405853,Freelancer,3237.74,3.109463,101.573031,BR008,2023-05-08
CUST01088,Zulaikha Kamal,700705-11-7808,ejenkins@example.net,+6010-6287678,Consultant,9151.73,3.21062,101.766147,BR001,2018-07-13
CUST01089,Priya a/l Naidu,760213-11-2962,debbie49@example.org,+6019-1544925,Engineer,5609.73,3.104428,101.648036,BR005,2020-07-21
CUST01090,Wei Ling Lim,610304-05-5231,anthonyrobles@example.com,+6016-3567530,Business Owner,8892.77,3.176465,101.69172,BR002,2021-02-19
CUST01091,Jia Hao Chan,830628-01-5671,chenderson@example.org,+6015-4100029,Retail Manager,14299.45,3.047698,101.606593,BR010,2018-02-02
CUST01092,Farah Rahman,620426-11-3027,kristine48@example.org,+6012-4561978,Lawyer,11318.18,3.200012,101.795689,BR004,2022-12-09
CUST01093,Priya a/p Govindasamy,570810-10-5874,dcasey@example.org,+6011-7772119,Engineer,4361.57,3.36455,101.622949,BR018,2019-08-20
CUST01094,Anitha a/l Krishnan,700524-01-2750,lesterrichard@example.com,+6017-1713448,Architect,4119.0,3.089745,101.620003,BR002,2023-03-19
CUST01095,Naveen a/p Raman,991013-04-1275,uhahn@example.org,+6017-4664443,Retail Manager,19487.5,3.089361,101.704419,BR003,2018-11-09
CUST01096,Deepa a/p Suppiah,840117-07-9071,boydmaria@example.net,+6018-4991496,Software Engineer,12661.29,3.177512,101.758749,BR001,2019-01-05
CUST01097,Kai Xuan Lee,990922-10-5413,carolmejia@example.com,+6013-3091259,Retail Manager,3340.45,2.972513,101.64478,BR013,2019-10-15
CUST01098,Jun Wei Wong,840917-04-5076,vshaffer@example.org,+6012-1674548,Accountant,16775.03,3.065581,101.455131,BR009,2025-11-07
CUST01099,Mei Chen Wong,660525-07-2814,thompsontara@example.com,+6010-7934960,Teacher,9763.85,3.094565,101.454875,BR009,2020-07-30
CUST01100,Alya Kamal,980823-09-8264,henrynicholas@example.org,+6013-3448055,Accountant,15990.28,3.044695,101.772155,BR011,2019-08-30
CUST01101,Aina Bakar,760907-14-8595,sylviasuarez@example.org,+6012-2030198,Engineer,4708.57,3.038138,101.414339,BR009,2020-02-16
CUST01102,Amir Rahman,910413-14-1225,andrew90@example.net,+6017-9885085,Teacher,5717.45,2.983057,101.59056,BR010,2023-02-13
CUST01103,Nabila Yusof,020716-16-4613,johnnycruz@example.net,+6017-3239535,Software Engineer,12614.98,3.253409,101.551242,BR016,2026-01-30
CUST01104,Ravi a/l Muthu,730821-04-5453,nicholsjoel@example.com,+6018-6204580,Retail Manager,3307.43,3.068818,101.448269,BR009,2020-05-19
CUST01105,Haziq Yusof,001226-06-9143,qpennington@example.com,+6018-1056553,Nurse,16275.65,3.078382,101.477899,BR009,2017-05-25
CUST01106,Jun Wei Chong,960819-10-7960,kennethvillarreal@example.org,+6014-5562422,Lawyer,18102.92,3.155848,101.6723,BR001,2025-08-27
CUST01107,Shalini a/l Krishnan,870124-08-6320,rmccormick@example.org,+6010-6639627,Sales Executive,3442.77,3.135719,101.777666,BR004,2024-09-23
CUST01108,Hui Min Tan,020710-08-7729,vmclaughlin@example.net,+6010-4438647,Architect,8871.25,3.064402,101.793771,BR003,2020-09-19
CUST01109,Kavitha a/p Govindasamy,010604-12-2586,hollowayholly@example.net,+6010-5302626,Software Engineer,19895.79,3.077109,101.605415,BR005,2017-02-27
CUST01110,Kavitha a/p Raman,760716-04-2532,shawn00@example.net,+6014-5046832,Software Engineer,10004.45,3.090091,101.710903,BR003,2022-11-29
CUST01111,Kumar a/p Suppiah,870102-04-2453,aarongonzalez@example.com,+6018-4847505,Lawyer,5994.87,3.08867,101.633808,BR007,2019-08-20
CUST01112,Hui Min Lee,590810-01-5509,johnreeves@example.net,+6013-3886825,Consultant,2813.91,3.183727,101.772028,BR001,2024-02-16
CUST01113,Nur Ismail,971105-08-3203,usparks@example.com,+6010-2977634,Retail Manager,5214.57,3.017668,101.638622,BR010,2021-04-12
CUST01114,Vikram a/p Raman,920403-13-1124,glenn95@example.com,+6012-7283665,Software Engineer,3566.06,3.143367,101.701143,BR003,2018-06-25
CUST01115,Danish Ismail,760321-14-4756,phillipbennett@example.net,+6012-5465089,Retail Manager,16125.7,3.010561,101.574422,BR007,2018-09-28
CUST01116,Anitha a/p Suppiah,021126-07-8357,rebeccamccann@example.org,+6016-3887946,Lawyer,11788.76,3.171543,101.63485,BR006,2019-02-11
CUST01117,Haziq Abdullah,980201-15-2491,moralesroy@example.com,+6019-2935210,Engineer,10756.85,3.046518,101.569453,BR007,2017-12-27
CUST01118,Priya a/l Naidu,030526-05-1865,staceywilson@example.net,+6018-4016419,Doctor,4251.6,3.191906,101.599013,BR016,2021-10-02
CUST01119,Shalini a/l Naidu,940301-11-9602,fwilcox@example.org,+6018-2569282,Business Owner,3022.28,3.079353,101.750572,BR003,2018-09-28
CUST01120,Cheng Wei Wong,650827-03-9486,keith76@example.org,+6012-8421362,Teacher,6718.49,3.140043,101.606166,BR005,2020-10-22
CUST01121,Mei Chen Ng,651029-01-1396,wandacampbell@example.net,+6010-2403142,Sales Executive,2829.85,2.942285,101.820773,BR011,2018-05-22
CUST01122,Nabila Hassan,640707-12-1937,anthonycherry@example.org,+6019-1433544,Retail Manager,2799.55,3.252283,101.529699,BR016,2022-09-03
CUST01123,Suresh a/l Krishnan,001111-05-9847,brandi71@example.org,+6017-5818144,Architect,7187.95,3.008065,101.451254,BR009,2021-03-08
CUST01124,Shalini a/l Muthu,990126-14-8656,tmcdaniel@example.com,+6010-1740653,Lawyer,6817.13,2.980067,101.729623,BR011,2023-07-31
CUST01125,Kai Xuan Lim,920420-05-7638,charles80@example.org,+6016-3062630,Accountant,7291.95,2.940305,101.757826,BR012,2019-10-28
CUST01126,Wei Ling Chong,670328-13-1686,wendy90@example.org,+6018-1660619,Freelancer,10884.68,3.056665,101.654144,BR010,2019-01-12
CUST01127,Naveen a/p Suppiah,860624-06-3060,tiffany52@example.net,+6011-2018574,Business Owner,7748.49,2.947075,101.725383,BR012,2016-11-27
CUST01128,Priya a/l Naidu,640618-09-3907,williamconrad@example.com,+6018-8946390,Architect,10326.27,2.975484,101.813432,BR017,2017-10-24
CUST01129,Hafiz Rahman,710513-03-3318,hthomas@example.com,+6016-5951813,Retail Manager,16033.94,2.896197,101.612514,BR013,2016-12-08
CUST01130,Yi Xuan Ng,611121-05-7033,julie64@example.com,+6018-8229118,Accountant,7862.71,3.084185,101.670699,BR006,2022-08-17
CUST01131,Alya Ibrahim,930729-06-6811,zachary62@example.com,+6015-5875658,Consultant,17463.91,3.070057,101.634847,BR010,2023-11-12
CUST01132,Anitha a/l Krishnan,800123-01-2386,angelalivingston@example.net,+6017-7329559,Business Owner,11487.21,3.337304,101.550483,BR018,2024-06-23
CUST01133,Naveen a/l Muthu,580226-06-5512,brianwhite@example.com,+6015-3252405,Architect,6940.17,3.098249,101.501953,BR008,2019-02-05
CUST01134,Aiman Abdullah,901017-07-6817,fwilson@example.org,+6013-9828381,Business Owner,9466.17,2.993664,101.670655,BR010,2020-11-28
CUST01135,Danish Ismail,041208-15-9621,hellis@example.net,+6017-3076663,Doctor,2596.66,3.104382,101.788563,BR004,2025-03-01
CUST01136,Deepa a/p Suppiah,610905-08-1642,harrisjustin@example.org,+6016-1583133,Retail Manager,17000.51,3.017209,101.603205,BR007,2023-12-30
CUST01137,Kai Xuan Ong,960816-14-9592,brandybonilla@example.net,+6010-1179045,Nurse,17728.25,3.144561,101.762086,BR004,2024-03-01
CUST01138,Farah Ibrahim,640710-01-5004,sancheztyler@example.org,+6016-6601106,Architect,16751.13,3.154077,101.804438,BR004,2025-05-15
CUST01139,Nabila Ibrahim,561017-13-7027,longbrittany@example.org,+6019-6801436,Nurse,4271.77,3.199228,101.734242,BR001,2024-11-12
CUST01140,Shalini a/l Krishnan,630309-13-9681,stevensjasmine@example.com,+6017-6753751,Consultant,2552.75,3.152941,101.727537,BR004,2021-01-13
CUST01141,Alya Ismail,030404-03-4934,riverabradley@example.net,+6017-5614064,Sales Executive,3175.39,3.068221,101.585836,BR007,2026-01-02
CUST01142,Suresh a/p Raman,710928-02-7010,jasonwilliams@example.net,+6010-6662173,Accountant,13224.45,2.953603,101.898795,BR017,2019-04-29
CUST01143,Hafiz Rahman,950528-01-1690,paynecarrie@example.org,+6013-1929247,Doctor,12773.96,3.175332,101.752763,BR004,2020-06-26
CUST01144,Alya Abdullah,640525-11-4487,ndavis@example.org,+6011-3944538,Engineer,7641.23,2.883894,101.650322,BR013,2020-05-19
CUST01145,Naveen a/p Raman,750813-16-7954,davidhenry@example.com,+6018-3392360,Lawyer,11165.4,3.211888,101.727563,BR014,2023-11-09
CUST01146,Muhammad Hassan,010801-15-4179,michaeldavis@example.com,+6015-6006996,Accountant,14603.46,3.06475,101.55607,BR010,2021-08-15
CUST01147,Amir Abdullah,791223-04-1874,kalvarez@example.net,+6011-7217012,Architect,17867.08,3.027916,101.569299,BR007,2020-09-22
CUST01148,Jun Wei Teh,930427-06-1258,christina66@example.org,+6017-5282283,Lawyer,15174.2,3.140088,101.717069,BR003,2016-11-24
CUST01149,Vikram a/l Naidu,720801-15-2468,prhodes@example.net,+6018-5958464,Nurse,12609.19,2.961255,101.675607,BR013,2023-08-19
CUST01150,Siti Kamal,020111-10-4185,robertssamuel@example.com,+6012-4193974,Teacher,7231.17,3.126474,101.79623,BR004,2019-07-02
CUST01151,Danish Ibrahim,040915-02-7681,mckenzie86@example.com,+6019-1385216,Doctor,5892.98,2.92821,101.713804,BR013,2022-03-07
CUST01152,Iskandar Bakar,830117-08-9519,palmerwilliam@example.com,+6019-4697653,Sales Executive,3840.29,3.162949,101.599053,BR006,2017-06-10
CUST01153,Ravi a/p Govindasamy,880716-10-1050,michael91@example.net,+6015-7836248,Freelancer,16341.72,3.345285,101.618634,BR018,2016-08-28
CUST01154,Kai Xuan Tan,920710-13-6877,lwhite@example.com,+6018-3459745,Civil Servant,14607.37,3.350428,101.61211,BR018,2016-12-12
CUST01155,Kai Xuan Ong,760423-16-7978,lee77@example.net,+6011-3444734,Engineer,2880.57,3.15308,101.708379,BR003,2024-07-29
CUST01156,Zhi Hao Ng,720724-10-9339,jasonmiller@example.net,+6014-1680518,Consultant,2558.91,2.925783,101.623292,BR013,2019-02-02
CUST01157,Ahmad Ibrahim,890302-02-2913,aferguson@example.com,+6016-9454027,Accountant,6839.1,2.965337,101.641983,BR013,2017-08-30
CUST01158,Ahmad Rahman,640131-09-2312,zstevens@example.net,+6014-2227468,Consultant,3975.46,2.924307,101.669988,BR013,2026-02-26
CUST01159,Naveen a/p Raman,850804-02-7035,nturner@example.com,+6013-5694268,Business Owner,6233.44,3.208359,101.737262,BR015,2023-05-27
CUST01160,Mei Chen Tan,030827-14-3130,fballard@example.org,+6019-3301718,Sales Executive,7295.33,3.234669,101.749712,BR015,2017-11-05
CUST01161,Kavitha a/p Suppiah,650113-03-5317,hortonjacob@example.org,+6010-7665233,Doctor,3849.26,3.181106,101.679224,BR002,2018-08-03
CUST01162,Aina Hassan,871205-11-6863,ryangarrett@example.net,+6012-4399375,Sales Executive,4331.64,3.154569,101.801095,BR003,2018-05-28
CUST01163,Wei Ling Wong,700717-06-1007,bhernandez@example.org,+6016-2889450,Accountant,14159.53,3.155247,101.570026,BR006,2017-08-29
CUST01164,Mei Chen Chan,000813-13-2986,emaynard@example.org,+6013-4661689,Architect,6837.57,3.208285,101.640091,BR016,2025-02-03
CUST01165,Kumar a/p Govindasamy,841003-05-7481,kennethgallegos@example.com,+6014-9560886,Software Engineer,4446.16,3.175412,101.600753,BR006,2017-01-02
CUST01166,Aina Hassan,551121-04-3322,fpetty@example.net,+6017-9382875,Freelancer,3526.78,3.080792,101.432723,BR009,2022-04-13
CUST01167,Priya a/p Suppiah,920119-07-5277,benjamin67@example.net,+6018-8044211,Nurse,17956.97,3.352886,101.526411,BR018,2022-05-29
CUST01168,Shalini a/p Suppiah,860126-08-9836,dhall@example.net,+6013-2929135,Consultant,6402.29,3.101179,101.564582,BR008,2016-09-07
CUST01169,Farah Hassan,840425-14-7599,adamsdeborah@example.com,+6011-8609704,Architect,3900.22,3.242705,101.661327,BR015,2017-08-31
CUST01170,Hui Min Lee,860819-05-2382,shane60@example.org,+6012-4027431,Accountant,5647.62,3.143315,101.649029,BR001,2019-05-18
CUST01171,Anitha a/l Muthu,650208-04-5340,samuel83@example.net,+6016-3522295,Retail Manager,2645.72,2.997324,101.780773,BR011,2025-08-02
CUST01172,Ravi a/l Krishnan,720614-02-9753,sanderson@example.net,+6014-4946323,Civil Servant,3746.87,2.971994,101.687951,BR013,2023-08-11
CUST01173,Siti Abdullah,030627-08-9884,laura29@example.org,+6016-5207244,Doctor,11577.65,3.025358,101.844144,BR011,2019-04-27
CUST01174,Jun Wei Goh,921216-10-6681,manderson@example.org,+6017-9515022,Architect,8429.59,3.331502,101.594913,BR018,2022-07-21
CUST01175,Jia Hao Chong,600716-15-7397,fhahn@example.com,+6017-4288145,Doctor,8314.61,3.107382,101.628527,BR006,2018-11-04
CUST01176,Xin Yi Ong,830504-15-9108,howardjose@example.net,+6019-9928789,Architect,5024.71,3.157411,101.689126,BR003,2018-01-30
CUST01177,Kavitha a/p Govindasamy,961122-07-9092,romanmatthew@example.org,+6010-9927838,Sales Executive,15722.59,3.143737,101.594724,BR005,2022-09-02
CUST01178,Deepa a/l Krishnan,610713-12-7392,tomchaney@example.com,+6016-6567970,Freelancer,3413.27,3.150135,101.719148,BR002,2024-03-10
CUST01179,Hui Min Lee,940101-06-9578,paula89@example.net,+6016-8729025,Lawyer,17917.62,3.031206,101.758276,BR011,2017-07-15
CUST01180,Mei Chen Wong,580106-09-7412,wlloyd@example.org,+6013-4264306,Doctor,7733.2,3.127141,101.671389,BR005,2026-03-30
CUST01181,Mei Chen Ng,940731-06-9733,colonbobby@example.org,+6015-9108476,Nurse,10012.15,3.127243,101.796294,BR003,2018-03-02
CUST01182,Amir Hassan,610526-12-2674,rhondamoore@example.com,+6013-9463790,Teacher,12389.65,3.056362,101.532069,BR008,2023-07-30
CUST01183,Hui Min Ng,930805-01-6250,goconnor@example.org,+6017-5820173,Consultant,11679.43,2.969903,101.663277,BR013,2022-12-19
CUST01184,Haziq Rahman,720323-06-1768,davidharris@example.com,+6013-9750032,Consultant,3909.37,3.193444,101.774445,BR004,2024-03-09
CUST01185,Alya Kamal,551029-10-8433,gpeterson@example.org,+6011-6482254,Consultant,4875.28,3.045298,101.533335,BR007,2017-05-07
CUST01186,Deepa a/p Suppiah,740212-04-4901,qward@example.org,+6016-8504899,Consultant,3134.64,3.227932,101.636846,BR016,2018-01-04
CUST01187,Priya a/l Krishnan,930304-15-7273,icobb@example.com,+6019-9878705,Teacher,14737.83,3.057051,101.725629,BR003,2020-08-18
CUST01188,Ravi a/p Suppiah,751218-12-7589,hcrane@example.net,+6012-3295958,Sales Executive,7695.12,3.133217,101.66506,BR001,2020-02-11
CUST01189,Farah Ibrahim,561225-06-3264,kaylarobbins@example.net,+6017-6668862,Doctor,16031.78,3.197207,101.693586,BR015,2025-12-07
CUST01190,Anitha a/p Govindasamy,590926-11-5719,richard26@example.org,+6012-9422685,Nurse,3109.08,3.25432,101.766685,BR014,2020-06-05
CUST01191,Vikram a/l Krishnan,570508-02-1702,rachelbrown@example.net,+6012-6147942,Sales Executive,3778.33,3.118562,101.755725,BR001,2026-04-19
CUST01192,Siti Rahman,950614-01-6308,robert84@example.net,+6015-9061942,Software Engineer,13108.19,3.032936,101.733251,BR011,2023-12-04
CUST01193,Iskandar Rahman,001216-13-7321,wilcoxrachel@example.net,+6019-9231395,Nurse,3499.17,3.000631,101.662439,BR010,2025-09-13
CUST01194,Cheng Wei Chan,900706-01-3125,ischneider@example.net,+6015-9645534,Retail Manager,3907.37,3.037375,101.574265,BR010,2024-05-18
CUST01195,Deepa a/p Raman,880206-05-4119,pam63@example.com,+6011-3118885,Accountant,15741.77,3.350768,101.526854,BR018,2017-05-03
CUST01196,Jun Wei Lim,820515-03-9512,vhardy@example.org,+6013-7968718,Business Owner,5213.85,3.11572,101.609167,BR002,2021-09-13
CUST01197,Hafiz Ismail,820715-15-3899,christopherarnold@example.net,+6012-6873497,Architect,19679.55,3.192924,101.606117,BR016,2019-11-26
CUST01198,Suresh a/p Suppiah,870413-02-6331,johnsonlaura@example.net,+6012-2513876,Doctor,7492.08,3.094209,101.686899,BR005,2019-01-30
CUST01199,Naveen a/p Raman,970208-06-8201,jessica81@example.net,+6011-8864697,Nurse,10379.85,3.137078,101.768207,BR004,2017-02-03
CUST01200,Deepa a/l Naidu,740222-11-3978,david17@example.com,+6012-3603683,Lawyer,7683.75,3.185372,101.676562,BR006,2022-03-22
CUST01201,Muhammad Ibrahim,551004-10-4871,tonya99@example.net,+6018-3413787,Accountant,4293.41,3.0101,101.798107,BR011,2025-06-10
CUST01202,Naveen a/p Raman,861119-14-3001,michaelmitchell@example.net,+6017-8768311,Retail Manager,6225.86,2.999148,101.763272,BR011,2022-03-23
CUST01203,Zhi Hao Tan,620630-16-2908,pstone@example.org,+6012-8496508,Lawyer,4149.74,2.967266,101.756463,BR011,2019-10-10
CUST01204,Ravi a/p Suppiah,840812-15-9634,shawn26@example.com,+6017-2887656,Accountant,11922.52,3.070769,101.722769,BR003,2017-04-25
CUST01205,Naveen a/p Raman,580809-04-3207,thomasgriffin@example.com,+6015-7662764,Retail Manager,4081.17,3.06938,101.680561,BR005,2023-04-07
CUST01206,Haziq Abdullah,750820-15-9497,lwiggins@example.com,+6018-9487851,Consultant,10527.03,3.073116,101.44411,BR009,2022-11-10
CUST01207,Anitha a/p Govindasamy,050428-13-1997,adennis@example.org,+6010-4388917,Software Engineer,19070.54,2.93428,101.810313,BR017,2017-12-09
CUST01208,Alya Kamal,611107-06-4441,tanderson@example.net,+6019-2569831,Software Engineer,10009.76,3.144399,101.742753,BR004,2025-02-16
CUST01209,Anitha a/p Govindasamy,610526-09-9378,stanleyjohnson@example.org,+6013-1951077,Lawyer,7690.79,3.113843,101.673742,BR001,2025-12-08
CUST01210,Nur Bakar,731218-13-1793,guzmanricky@example.org,+6012-3546569,Teacher,16241.43,3.119051,101.695624,BR003,2020-03-11
CUST01211,Yi Xuan Chan,691222-03-2899,davidtorres@example.com,+6011-7418661,Civil Servant,8502.21,3.05903,101.654605,BR005,2019-07-12
CUST01212,Kumar a/p Suppiah,791017-15-5074,douglaslawrence@example.org,+6013-4591821,Software Engineer,3087.22,3.131408,101.661629,BR005,2025-11-12
CUST01213,Kumar a/p Govindasamy,701003-10-9535,jason70@example.org,+6011-3510404,Engineer,4070.0,3.131172,101.670376,BR006,2021-12-21
CUST01214,Vikram a/p Govindasamy,581115-01-6351,butlerashley@example.net,+6012-3518731,Lawyer,18079.9,2.910847,101.822929,BR017,2021-01-07
CUST01215,Nabila Kamal,720521-03-1020,ualvarez@example.net,+6013-6792145,Nurse,4058.44,2.940054,101.828796,BR012,2017-10-28
CUST01216,Aina Rahman,620603-12-6351,qgill@example.com,+6018-7152047,Civil Servant,3113.89,3.083026,101.631729,BR005,2017-12-26
CUST01217,Jia Hao Lee,911121-02-7921,marshelizabeth@example.com,+6011-7070375,Lawyer,2823.91,3.119073,101.709319,BR001,2020-05-14
CUST01218,Zulaikha Abdullah,000705-14-7982,amber74@example.net,+6019-1375480,Civil Servant,11376.79,3.216658,101.779627,BR015,2017-05-19
CUST01219,Farah Kamal,631011-01-4634,armstronglaura@example.net,+6014-1543296,Accountant,4559.01,3.093864,101.402583,BR009,2019-08-02
CUST01220,Jun Wei Chan,871003-03-7076,leechristine@example.net,+6017-6839010,Sales Executive,7452.27,2.907796,101.822158,BR012,2024-01-27
CUST01221,Jia Hao Lee,030513-02-1973,karenshaw@example.org,+6011-9626559,Teacher,4593.26,3.040764,101.38299,BR009,2017-09-12
CUST01222,Deepa a/l Muthu,020422-03-9011,suzannehill@example.org,+6012-8110272,Doctor,9169.14,3.182042,101.754417,BR015,2018-12-13
CUST01223,Anitha a/p Suppiah,901011-04-6615,imiller@example.net,+6010-8775490,Teacher,2890.97,3.11066,101.702978,BR004,2019-09-13
CUST01224,Aina Hassan,841209-10-6916,batkins@example.com,+6018-5622924,Architect,10099.77,2.947663,101.730555,BR011,2020-11-12
CUST01225,Ahmad Abdullah,760329-12-8320,patrick11@example.org,+6016-8205561,Lawyer,3007.52,3.169692,101.733384,BR014,2021-11-30
CUST01226,Zhi Hao Wong,691006-15-5165,jonathandavis@example.com,+6016-7603916,Civil Servant,15021.77,2.884174,101.694852,BR013,2026-01-07
CUST01227,Alya Ismail,890605-09-7602,mendezmark@example.org,+6016-8139771,Teacher,3121.2,3.151298,101.524585,BR016,2023-08-18
CUST01228,Ahmad Bakar,700525-09-1611,floresrobert@example.com,+6010-5407277,Lawyer,14624.42,3.221304,101.532975,BR016,2019-01-28
CUST01229,Suresh a/l Naidu,020730-03-6188,williamsjohn@example.net,+6012-1709624,Business Owner,6256.43,3.137905,101.732682,BR001,2022-05-10
CUST01230,Shalini a/p Suppiah,800223-16-4664,ravery@example.org,+6011-4333025,Architect,6898.04,2.95193,101.659569,BR013,2019-09-05
CUST01231,Naveen a/p Govindasamy,830225-04-3432,washingtonrick@example.org,+6013-9136201,Business Owner,4405.09,2.978879,101.669598,BR010,2025-08-19
CUST01232,Alya Ismail,560605-10-2866,sanchezangela@example.org,+6019-8483778,Engineer,2529.32,2.986278,101.751063,BR011,2019-07-17
CUST01233,Mei Chen Tan,751101-06-2731,mathisvincent@example.org,+6011-7891105,Software Engineer,15911.17,3.053161,101.587057,BR007,2020-03-24
CUST01234,Suresh a/l Muthu,041005-08-7051,amandahenderson@example.net,+6019-9605960,Lawyer,3508.91,3.365469,101.61401,BR018,2021-01-05
CUST01235,Muhammad Bakar,550719-10-9326,nwoodward@example.com,+6010-2184628,Doctor,4356.15,3.182868,101.716314,BR001,2023-01-10
CUST01236,Danish Rahman,631112-08-8214,mahoneytimothy@example.net,+6018-7271311,Architect,4365.01,3.241303,101.769501,BR015,2019-01-02
CUST01237,Hui Min Tan,890630-03-3946,megan39@example.net,+6013-7379534,Lawyer,9098.04,3.201322,101.726041,BR014,2019-04-23
CUST01238,Priya a/p Raman,630726-09-3709,turnerrandall@example.org,+6019-8104723,Doctor,5026.53,2.991969,101.865316,BR017,2024-10-19
CUST01239,Kavitha a/p Govindasamy,911002-08-2931,natalie39@example.net,+6014-2483726,Engineer,4893.73,3.103825,101.682168,BR002,2026-01-26
CUST01240,Deepa a/p Raman,710531-08-6460,cynthia74@example.org,+6016-6939848,Teacher,17574.37,3.179961,101.629699,BR016,2023-02-13
CUST01241,Vikram a/p Raman,710731-14-5637,stevegreene@example.org,+6019-7313511,Civil Servant,7021.24,3.037035,101.666668,BR010,2025-08-20
CUST01242,Aiman Bakar,620308-01-3505,lynchadam@example.org,+6018-6670999,Teacher,19201.01,2.929418,101.788687,BR017,2023-03-23
CUST01243,Alya Ibrahim,760226-08-5356,ifarmer@example.org,+6018-7713076,Doctor,5297.83,3.049508,101.398367,BR009,2024-05-15
CUST01244,Aiman Ibrahim,871214-15-2116,ryanpatricia@example.net,+6016-1370018,Lawyer,4166.04,3.165607,101.641485,BR016,2020-12-12
CUST01245,Deepa a/l Krishnan,610831-14-2768,wcarey@example.com,+6013-4579314,Architect,3939.43,3.1899,101.669905,BR006,2018-04-08
CUST01246,Haziq Yusof,931123-11-1359,martinezmitchell@example.org,+6012-7045102,Business Owner,11146.19,2.999186,101.736413,BR011,2020-12-10
CUST01247,Amir Kamal,660728-09-1462,changerin@example.net,+6019-7985879,Civil Servant,16884.03,3.169329,101.695766,BR002,2020-01-28
CUST01248,Danish Ismail,591230-02-9957,lindsey33@example.com,+6018-1047841,Consultant,7416.65,3.055121,101.454706,BR009,2026-03-03
CUST01249,Aina Yusof,570503-08-6348,tconway@example.net,+6019-4098885,Civil Servant,14550.98,3.205935,101.79166,BR014,2018-08-02
CUST01250,Naveen a/l Naidu,650420-15-6105,rrodriguez@example.net,+6018-7394844,Lawyer,7623.83,3.094801,101.528779,BR008,2021-07-01
CUST01251,Suresh a/l Krishnan,640108-06-1959,donnaknight@example.net,+6017-7061877,Accountant,5835.21,3.086908,101.685293,BR002,2022-07-11
CUST01252,Muhammad Bakar,640409-08-9811,julieanderson@example.net,+6018-7625083,Accountant,19710.37,3.09892,101.772686,BR003,2025-01-19
CUST01253,Muhammad Yusof,990719-16-1125,james08@example.net,+6010-1415625,Lawyer,6503.4,2.979304,101.731562,BR011,2019-01-09
CUST01254,Shalini a/l Krishnan,830703-13-5488,bsmith@example.net,+6018-8296545,Civil Servant,4675.01,3.087023,101.675861,BR006,2023-03-24
CUST01255,Ahmad Yusof,871231-15-6569,ryan64@example.org,+6018-1489629,Lawyer,3401.24,2.98484,101.770327,BR011,2023-04-19
CUST01256,Danish Abdullah,781029-12-5228,zachary03@example.org,+6016-7396488,Engineer,6717.37,3.164193,101.774282,BR014,2019-04-11
CUST01257,Suresh a/l Muthu,760701-12-4750,zstewart@example.org,+6010-1153613,Retail Manager,4363.83,3.13751,101.741133,BR004,2019-11-04
CUST01258,Siti Yusof,990703-14-8837,mooneyjeremiah@example.net,+6017-6211276,Civil Servant,2768.67,3.186084,101.660485,BR006,2020-09-25
CUST01259,Muhammad Ismail,590321-12-9247,jamesmurphy@example.org,+6014-9949116,Engineer,8719.62,3.06751,101.395206,BR009,2022-10-03
CUST01260,Muhammad Bakar,600501-16-3094,breynolds@example.net,+6013-2327617,Nurse,3655.68,3.001806,101.841037,BR017,2024-06-20
CUST01261,Cheng Wei Lee,020402-14-2247,john73@example.com,+6012-2860722,Nurse,6350.67,3.235725,101.773742,BR014,2024-10-27
CUST01262,Zhi Hao Ong,960730-02-8556,sherryparsons@example.net,+6018-6877971,Consultant,11176.73,2.937336,101.814949,BR012,2020-11-17
CUST01263,Aiman Ismail,600412-08-9248,friley@example.org,+6015-5248289,Sales Executive,4093.83,3.167267,101.786477,BR004,2025-08-30
CUST01264,Vikram a/l Krishnan,740514-15-6546,pattonbryan@example.com,+6012-4301912,Consultant,4260.11,3.038421,101.591299,BR010,2017-01-16
CUST01265,Kavitha a/l Krishnan,860112-16-2390,rjones@example.org,+6017-8354936,Engineer,15973.98,3.329908,101.606127,BR018,2022-02-01
CUST01266,Ravi a/p Suppiah,700330-13-3780,nmorales@example.com,+6011-8964694,Sales Executive,3928.43,3.085265,101.669211,BR006,2018-10-29
CUST01267,Vikram a/p Raman,850623-07-1543,chavezsteven@example.com,+6016-4851116,Sales Executive,9737.92,3.102506,101.697997,BR002,2025-04-18
CUST01268,Farah Hassan,860617-04-9432,debra07@example.net,+6011-7649465,Architect,5503.12,2.969123,101.663283,BR010,2019-10-11
CUST01269,Mei Chen Ng,650213-12-5286,smithjennifer@example.net,+6014-8172217,Software Engineer,5235.93,3.018348,101.466873,BR009,2024-05-22
CUST01270,Priya a/p Suppiah,650305-04-1255,danascott@example.com,+6015-5042026,Freelancer,13477.92,3.051331,101.620836,BR007,2021-04-23
CUST01271,Suresh a/l Naidu,860716-14-9645,johnrobles@example.org,+6018-3600528,Engineer,4713.22,2.954155,101.664435,BR013,2017-10-09
CUST01272,Jun Wei Lee,840921-05-5158,larry82@example.org,+6016-4901561,Software Engineer,19837.95,3.16056,101.622908,BR016,2021-03-11
CUST01273,Vikram a/p Govindasamy,850830-07-4709,miguel08@example.net,+6019-8541869,Nurse,3542.93,3.009768,101.399265,BR009,2023-01-27
CUST01274,Iskandar Bakar,620922-07-3824,williamconley@example.org,+6018-9634963,Software Engineer,3923.38,3.146213,101.751438,BR001,2020-09-18
CUST01275,Ahmad Rahman,650407-01-1266,danielleharris@example.org,+6011-9758068,Civil Servant,3422.62,3.123858,101.670837,BR001,2019-11-29
CUST01276,Shalini a/p Govindasamy,881121-13-2993,vgreene@example.net,+6010-2402766,Consultant,5804.35,3.362857,101.598617,BR018,2022-02-26
CUST01277,Haziq Hassan,720412-08-2393,robert21@example.com,+6019-9561996,Engineer,13053.68,3.294728,101.553688,BR018,2025-04-04
CUST01278,Ravi a/p Raman,010109-11-2600,arobinson@example.net,+6010-1061235,Accountant,7981.05,2.972487,101.833453,BR011,2018-09-22
CUST01279,Ahmad Kamal,670104-13-8168,johnnavarro@example.com,+6011-6560094,Software Engineer,13194.21,3.092841,101.502382,BR009,2024-07-26
CUST01280,Yi Xuan Ng,740417-13-7077,alopez@example.com,+6014-2451929,Retail Manager,2680.59,3.061227,101.79491,BR003,2016-08-05
CUST01281,Wei Ling Chan,730523-09-8691,thomasscott@example.net,+6010-9771006,Lawyer,7205.52,3.298466,101.563681,BR018,2022-05-09
CUST01282,Hui Min Wong,931009-13-3610,hesterjames@example.com,+6016-8702643,Engineer,13201.39,3.027734,101.602954,BR010,2018-03-28
CUST01283,Shalini a/l Muthu,991007-16-2190,matthewspencer@example.org,+6015-1513967,Sales Executive,4105.7,3.20645,101.603095,BR016,2018-06-15
CUST01284,Kavitha a/p Suppiah,640419-01-2425,renee02@example.com,+6012-8241263,Retail Manager,18191.24,3.178788,101.678507,BR001,2023-01-17
CUST01285,Shalini a/l Naidu,990930-03-1095,sharon47@example.org,+6019-7183138,Nurse,12334.48,3.123042,101.598201,BR006,2020-03-11
CUST01286,Jia Hao Chan,740211-05-8999,shelleyrowland@example.net,+6014-7460848,Lawyer,14501.73,3.198643,101.606104,BR016,2025-04-24
CUST01287,Ravi a/l Krishnan,990601-05-8139,wilsonnicole@example.org,+6014-3970006,Nurse,12011.21,3.119035,101.755593,BR003,2024-06-11
CUST01288,Aina Abdullah,650129-05-2724,ubenson@example.net,+6018-6815175,Freelancer,6201.37,3.068793,101.428711,BR009,2020-10-16
CUST01289,Hui Min Lee,870421-12-9141,hinesbrenda@example.net,+6010-1303026,Retail Manager,10634.69,3.195189,101.666539,BR001,2019-06-09
CUST01290,Yi Xuan Ng,621204-05-5562,brianflynn@example.org,+6017-3980058,Doctor,11937.18,3.124606,101.634705,BR002,2025-01-04
CUST01291,Wei Ling Tan,031201-06-3636,fclark@example.com,+6014-8593770,Accountant,8869.86,3.10573,101.763101,BR003,2024-05-28
CUST01292,Wei Ling Chan,860329-02-2498,williampotter@example.net,+6011-7237794,Software Engineer,3720.84,3.059615,101.725324,BR003,2024-01-03
CUST01293,Priya a/l Krishnan,740318-02-6942,twhite@example.com,+6013-8391855,Software Engineer,4976.57,3.128152,101.654116,BR006,2021-10-01
CUST01294,Danish Ibrahim,790830-16-5201,lwells@example.com,+6011-9458736,Lawyer,6466.21,3.012612,101.725125,BR011,2022-11-16
CUST01295,Danish Ismail,950111-07-7752,clarkpatricia@example.com,+6015-3206288,Lawyer,7847.92,2.946276,101.855103,BR017,2025-02-16
CUST01296,Priya a/l Naidu,750417-07-6093,ronald69@example.org,+6018-2386510,Accountant,7038.74,2.995721,101.903413,BR017,2025-11-07
CUST01297,Wei Ling Lee,740315-13-4633,taylorchristopher@example.com,+6012-2152942,Architect,18579.78,2.945795,101.806714,BR012,2021-09-07
CUST01298,Cheng Wei Ng,670102-11-3480,marshallchristine@example.com,+6016-9890912,Software Engineer,3311.26,2.978234,101.884111,BR017,2021-01-03
CUST01299,Vikram a/p Suppiah,770213-09-5908,linda54@example.com,+6018-9445312,Accountant,3594.32,3.066244,101.54978,BR007,2016-09-28
CUST01300,Xin Yi Ong,770731-02-8299,deanna51@example.com,+6017-5642259,Retail Manager,5760.37,3.111645,101.620036,BR005,2024-12-03
CUST01301,Farah Ibrahim,810219-01-1557,hartmansara@example.org,+6018-6591955,Engineer,4648.77,3.104215,101.583122,BR006,2017-09-06
CUST01302,Kumar a/p Govindasamy,730705-03-2640,matthewleonard@example.com,+6017-9514611,Civil Servant,7951.98,3.190806,101.711683,BR004,2019-07-10
CUST01303,Cheng Wei Ong,960410-01-7653,james92@example.net,+6019-7223492,Accountant,3130.25,3.149188,101.630415,BR002,2023-11-23
CUST01304,Ravi a/l Muthu,010211-11-6854,carrillojuan@example.com,+6010-1177430,Nurse,4219.86,3.125339,101.704055,BR003,2024-04-29
CUST01305,Farah Rahman,750908-06-6685,wunderwood@example.net,+6019-5355863,Architect,6661.72,2.962246,101.814989,BR011,2016-08-12
CUST01306,Alya Bakar,880314-05-8597,michelleperez@example.net,+6019-1830765,Sales Executive,3916.59,3.177347,101.787667,BR004,2023-12-27
CUST01307,Iskandar Rahman,790321-07-5981,dsharp@example.com,+6010-4410194,Retail Manager,4294.52,3.075997,101.657508,BR002,2024-05-31
CUST01308,Haziq Hassan,710224-10-2055,roymcmahon@example.com,+6011-6031351,Freelancer,10656.58,3.154976,101.743426,BR014,2018-08-04
CUST01309,Jun Wei Teh,771229-08-7124,brooksbarbara@example.org,+6019-6712098,Nurse,5857.73,3.185713,101.605297,BR006,2019-07-21
CUST01310,Jun Wei Teh,920521-14-9970,wcochran@example.com,+6010-2236275,Doctor,11153.22,3.173481,101.698751,BR001,2018-10-01
CUST01311,Aina Yusof,761012-07-5734,sfarmer@example.net,+6014-7290929,Consultant,4509.73,3.130722,101.698675,BR005,2019-06-29
CUST01312,Farah Kamal,841104-01-2194,weekseric@example.com,+6017-4565436,Civil Servant,4955.03,3.12741,101.728304,BR001,2022-03-06
CUST01313,Aina Yusof,950615-05-4585,nbaird@example.com,+6013-6162605,Sales Executive,4212.02,3.144877,101.639057,BR006,2017-02-17
CUST01314,Kumar a/p Govindasamy,741026-08-1092,krodriguez@example.com,+6018-7945843,Doctor,3006.55,3.240741,101.672379,BR014,2022-11-20
CUST01315,Amir Ibrahim,700923-01-5613,damontran@example.org,+6015-8659445,Sales Executive,14677.8,3.162724,101.675553,BR015,2024-10-05
CUST01316,Kai Xuan Teh,850831-14-6106,lopezchad@example.com,+6012-7631049,Software Engineer,2961.89,3.09143,101.634743,BR006,2019-05-02
CUST01317,Haziq Ismail,670223-03-5191,gibsonmiguel@example.org,+6017-8774013,Software Engineer,3889.81,3.178951,101.723897,BR015,2018-03-19
CUST01318,Danish Kamal,980625-01-3964,hmyers@example.org,+6013-8238514,Retail Manager,17543.14,3.106341,101.65467,BR006,2021-11-10
CUST01319,Ravi a/l Muthu,790530-04-9556,pricerebecca@example.org,+6019-9201256,Retail Manager,2508.55,2.96009,101.789171,BR012,2017-10-17
CUST01320,Hafiz Ibrahim,651012-03-6127,qmeyers@example.com,+6019-8780433,Retail Manager,5086.18,3.060541,101.564021,BR007,2018-01-31
CUST01321,Naveen a/l Muthu,840401-08-8843,briana87@example.com,+6018-4622993,Teacher,19311.26,3.156072,101.705334,BR002,2018-07-06
CUST01322,Kavitha a/p Raman,050119-10-1875,zbrown@example.net,+6011-9622040,Nurse,2836.24,2.925496,101.901407,BR017,2024-07-28
CUST01323,Hafiz Hassan,811015-08-3216,kstevens@example.org,+6012-1992533,Business Owner,19848.84,3.025863,101.634048,BR010,2023-11-14
CUST01324,Nabila Ismail,691122-12-4215,treed@example.com,+6010-3122871,Retail Manager,3754.61,2.976486,101.788848,BR017,2020-05-28
CUST01325,Aiman Ismail,960901-15-9159,robertwhite@example.net,+6015-3133929,Retail Manager,4251.62,3.111395,101.472062,BR008,2023-10-30
CUST01326,Hafiz Rahman,780522-09-7485,hollydavis@example.net,+6013-1048416,Freelancer,16582.97,3.186312,101.672459,BR014,2025-12-14
CUST01327,Haziq Bakar,670625-04-9802,joshuafuller@example.com,+6013-3214914,Engineer,9942.79,3.188632,101.708463,BR015,2023-03-01
CUST01328,Amir Rahman,581031-02-3607,reginajenkins@example.net,+6019-9906787,Accountant,11164.05,3.18152,101.626107,BR016,2017-09-15
CUST01329,Suresh a/l Muthu,731207-03-4326,gordonkimberly@example.com,+6011-8043067,Architect,4695.57,2.909612,101.612008,BR013,2021-01-02
CUST01330,Yi Xuan Chan,680219-05-2378,murraycharles@example.net,+6019-9592367,Engineer,5765.85,3.116369,101.696195,BR002,2023-04-03
CUST01331,Xin Yi Tan,780804-07-6016,julie36@example.org,+6019-4163587,Retail Manager,8102.43,3.243304,101.707663,BR015,2016-08-08
CUST01332,Vikram a/p Raman,610325-13-3206,markgoodman@example.com,+6016-2970838,Teacher,5014.0,3.159462,101.764859,BR015,2021-02-09
CUST01333,Ravi a/p Govindasamy,590816-11-5367,jenniferkim@example.com,+6012-2701408,Freelancer,3529.37,3.040758,101.794289,BR011,2024-09-13
CUST01334,Kavitha a/l Naidu,970729-05-4933,marylawson@example.org,+6014-2419946,Freelancer,3701.57,3.174636,101.816092,BR004,2019-06-09
CUST01335,Anitha a/p Raman,820325-10-8551,qjackson@example.org,+6012-7134308,Freelancer,6360.7,3.131102,101.699428,BR005,2023-04-09
CUST01336,Alya Abdullah,630304-12-9667,gregory08@example.org,+6017-7805976,Software Engineer,7015.69,3.02763,101.544447,BR008,2020-11-30
CUST01337,Vikram a/p Govindasamy,571119-13-5395,myerskyle@example.org,+6015-4344845,Sales Executive,6028.05,3.044833,101.482718,BR009,2022-06-24
CUST01338,Yi Xuan Teh,571205-14-4418,pwang@example.com,+6014-3121867,Teacher,8265.51,2.936977,101.881979,BR017,2025-08-01
CUST01339,Zulaikha Kamal,650630-06-7538,fisherveronica@example.com,+6019-3392353,Sales Executive,5799.25,3.02277,101.657868,BR010,2024-09-13
CUST01340,Mei Chen Lim,890630-09-3239,walkernicole@example.net,+6013-7173054,Engineer,7955.55,3.02071,101.565026,BR008,2018-03-05
CUST01341,Haziq Yusof,631106-07-5060,uhunt@example.com,+6012-7970196,Consultant,2732.69,3.182805,101.728028,BR002,2022-02-12
CUST01342,Kumar a/p Suppiah,641221-08-2708,sarahfoster@example.com,+6010-1503109,Doctor,13948.19,3.173831,101.763381,BR014,2017-09-14
CUST01343,Mei Chen Lee,660309-15-2513,marcus06@example.net,+6018-5711903,Sales Executive,5769.62,3.10323,101.790899,BR004,2019-08-29
CUST01344,Ravi a/p Suppiah,741215-16-1796,qrobinson@example.com,+6011-9341968,Accountant,15777.26,2.981863,101.8132,BR017,2022-12-30
CUST01345,Nabila Ibrahim,731211-08-8286,mcclurerobert@example.net,+6017-8599514,Nurse,3654.61,3.033674,101.827671,BR011,2021-06-28
CUST01346,Aina Abdullah,050108-02-6850,johnathandavis@example.com,+6012-8370707,Doctor,12409.85,3.124771,101.706933,BR004,2026-04-24
CUST01347,Kumar a/l Muthu,900424-06-3097,martinreid@example.net,+6011-6187326,Nurse,3139.58,3.203389,101.709569,BR001,2019-09-04
CUST01348,Wei Ling Teh,980127-04-4565,bjones@example.net,+6016-9876600,Engineer,3755.09,2.992355,101.62756,BR010,2025-08-13
CUST01349,Muhammad Hassan,771210-05-9488,wesleybush@example.org,+6016-3952962,Retail Manager,14907.36,2.934536,101.637178,BR013,2018-10-27
CUST01350,Zhi Hao Chong,860425-12-4493,parkerjoann@example.org,+6013-3489044,Nurse,2801.55,3.13099,101.699925,BR005,2022-09-11
CUST01351,Shalini a/p Raman,580629-10-6957,victor32@example.com,+6017-4725540,Engineer,3208.08,2.960877,101.802458,BR017,2018-07-16
CUST01352,Anitha a/l Muthu,570523-15-1746,vstevenson@example.org,+6018-4144680,Civil Servant,9449.52,3.192175,101.631413,BR016,2019-04-11
CUST01353,Alya Hassan,870905-04-3555,meyertiffany@example.net,+6016-2673974,Sales Executive,3789.61,2.871416,101.594826,BR013,2024-08-15
CUST01354,Naveen a/p Govindasamy,930109-16-8122,melanierivera@example.org,+6014-9961254,Consultant,5908.88,3.15828,101.681285,BR006,2018-07-21
CUST01355,Mei Chen Lee,580314-05-3320,lauriehorton@example.org,+6012-9528836,Software Engineer,3769.48,3.108557,101.64345,BR007,2022-07-30
CUST01356,Hui Min Teh,740728-06-3926,isaiah01@example.com,+6015-7795231,Software Engineer,7373.69,3.130798,101.662042,BR005,2017-03-12
CUST01357,Farah Abdullah,650212-16-5008,shawnamartinez@example.org,+6011-2925023,Doctor,5888.87,2.893434,101.705817,BR013,2022-06-03
CUST01358,Alya Hassan,970121-10-2999,joelmiller@example.net,+6018-6435127,Nurse,6809.97,3.15634,101.688376,BR001,2021-03-02
CUST01359,Amir Abdullah,630915-08-8758,johnthompson@example.org,+6015-7477956,Teacher,5468.97,2.980462,101.864012,BR017,2019-07-12
CUST01360,Xin Yi Teh,840426-03-7034,josephharrington@example.org,+6011-8182645,Retail Manager,17197.13,3.139655,101.798907,BR003,2026-01-03
CUST01361,Kai Xuan Ong,730623-03-7159,cjackson@example.com,+6019-4548716,Lawyer,3142.08,2.992674,101.499975,BR009,2021-07-19
CUST01362,Aina Abdullah,920329-06-1244,lorileon@example.org,+6011-9323687,Teacher,2771.91,3.055209,101.599657,BR005,2024-02-12
CUST01363,Zulaikha Hassan,761112-15-9715,blakesandra@example.net,+6019-8615232,Civil Servant,2572.67,3.247985,101.744523,BR014,2021-11-13
CUST01364,Amir Bakar,830220-06-3160,jonathanford@example.com,+6017-7533105,Freelancer,12069.43,3.174254,101.617647,BR016,2019-04-30
CUST01365,Naveen a/l Naidu,830809-08-4407,ijones@example.net,+6019-6180257,Accountant,4820.93,3.219381,101.570188,BR016,2021-03-10
CUST01366,Zhi Hao Tan,630326-11-3976,adamhensley@example.net,+6013-3091937,Nurse,2591.36,2.968307,101.879307,BR017,2023-10-01
CUST01367,Cheng Wei Ong,800126-15-5654,vbentley@example.com,+6017-1115555,Retail Manager,4990.98,3.098218,101.453425,BR009,2020-05-02
CUST01368,Xin Yi Ng,701120-13-5878,ortizbenjamin@example.org,+6019-8513274,Lawyer,5583.28,3.335379,101.568262,BR018,2020-05-05
CUST01369,Amir Kamal,831011-11-1541,kathrynkrueger@example.net,+6010-7823395,Accountant,3206.01,3.224708,101.670792,BR014,2019-12-25
CUST01370,Vikram a/l Krishnan,901214-15-2295,heather66@example.net,+6011-7007810,Nurse,3638.62,3.21669,101.787588,BR014,2018-12-18
CUST01371,Anitha a/l Naidu,790520-12-2804,crystal02@example.com,+6012-9875419,Nurse,3425.35,3.216677,101.680979,BR015,2022-07-20
CUST01372,Alya Kamal,020917-11-7446,jonathanguzman@example.net,+6015-5726023,Civil Servant,5368.05,3.066891,101.633481,BR010,2024-11-29
CUST01373,Zhi Hao Ng,560211-10-2987,newmansabrina@example.com,+6016-5103508,Engineer,7418.24,3.075772,101.48217,BR009,2023-07-23
CUST01374,Jun Wei Chan,040315-14-5322,stonejacob@example.com,+6010-9821871,Engineer,3852.04,2.992323,101.666184,BR010,2018-02-25
CUST01375,Ahmad Kamal,761102-16-4580,vincent86@example.net,+6019-9945252,Freelancer,6328.35,2.941065,101.856654,BR017,2019-07-30
CUST01376,Nur Ismail,760129-15-3114,rodriguezashley@example.com,+6010-3908113,Teacher,7165.89,3.199223,101.824565,BR004,2024-08-21
CUST01377,Anitha a/p Raman,681212-12-6516,sarahsanders@example.com,+6017-3213110,Consultant,4630.52,3.035986,101.654047,BR010,2016-07-23
CUST01378,Jun Wei Ong,631201-08-1894,esmith@example.net,+6010-3372887,Retail Manager,4249.28,3.009089,101.563503,BR010,2020-09-03
CUST01379,Kavitha a/l Krishnan,760503-13-4118,jessica22@example.com,+6015-6660327,Freelancer,6149.74,2.960686,101.659516,BR013,2018-05-11
CUST01380,Haziq Hassan,620319-10-4099,hwhite@example.com,+6014-6490445,Civil Servant,10673.87,3.081472,101.726463,BR003,2022-03-02
CUST01381,Anitha a/l Muthu,660215-14-3581,brianwhite@example.org,+6012-1561792,Consultant,5585.1,3.034713,101.545322,BR007,2019-02-02
CUST01382,Zhi Hao Lim,000811-14-9264,nalexander@example.org,+6016-1470104,Software Engineer,7655.62,3.136414,101.732126,BR001,2025-03-07
CUST01383,Ravi a/l Naidu,631020-02-3506,christopher14@example.org,+6011-9175462,Architect,4278.54,3.032082,101.455879,BR009,2019-12-01
CUST01384,Zhi Hao Chong,841011-12-1768,wwashington@example.org,+6012-3717691,Consultant,7805.12,3.091721,101.675596,BR002,2016-08-03
CUST01385,Aina Kamal,681019-05-4830,ortegakristina@example.org,+6010-3286603,Software Engineer,2768.88,3.103456,101.576925,BR006,2017-06-18
CUST01386,Haziq Abdullah,810812-14-8675,bennettabigail@example.com,+6017-2136166,Retail Manager,6846.15,3.021621,101.480445,BR008,2025-10-26
CUST01387,Wei Ling Chan,790227-12-6164,cassandra55@example.net,+6013-1950689,Nurse,3055.99,3.165397,101.726683,BR014,2025-05-25
CUST01388,Nabila Yusof,050620-09-3159,shelleyortega@example.com,+6010-3131642,Doctor,19666.47,3.167692,101.520997,BR016,2022-08-09
CUST01389,Kumar a/l Muthu,040405-05-5795,linda07@example.net,+6010-7262932,Software Engineer,7575.36,3.216535,101.778825,BR015,2020-07-06
CUST01390,Naveen a/p Suppiah,970408-16-6261,anthonymartinez@example.net,+6014-7944424,Teacher,3744.6,3.184559,101.759019,BR004,2019-04-16
CUST01391,Wei Ling Ong,900617-15-3524,miguelmontgomery@example.net,+6017-3488697,Sales Executive,7758.97,2.931216,101.751831,BR012,2025-03-12
CUST01392,Kumar a/l Naidu,810329-10-5173,aaronlittle@example.com,+6018-3473513,Accountant,3470.94,2.980698,101.819864,BR011,2016-08-29
CUST01393,Muhammad Ismail,730704-15-9413,montesjill@example.net,+6010-4954493,Retail Manager,12991.14,3.062538,101.687073,BR003,2020-12-09
CUST01394,Kumar a/p Govindasamy,851101-16-5773,ystevenson@example.org,+6010-4783854,Lawyer,19659.49,3.102372,101.687367,BR003,2019-12-24
CUST01395,Kai Xuan Lee,020614-04-9093,shatfield@example.org,+6011-3896812,Nurse,6222.8,3.018529,101.837356,BR011,2023-11-03
CUST01396,Nur Bakar,700310-10-3451,jenniferkane@example.net,+6012-2895605,Civil Servant,6876.95,3.099627,101.605491,BR006,2024-05-06
CUST01397,Vikram a/p Raman,910501-07-4315,andersonlaura@example.com,+6014-5939676,Business Owner,8222.26,3.08265,101.522436,BR007,2024-10-26
CUST01398,Kavitha a/l Naidu,050424-06-1169,cjackson@example.org,+6015-7333787,Engineer,5722.76,2.940316,101.782953,BR011,2021-04-26
CUST01399,Danish Bakar,820713-06-7508,jasonmullins@example.net,+6016-4509845,Nurse,4395.26,3.177071,101.605592,BR016,2023-06-30
CUST01400,Mei Chen Chan,601008-06-6876,martinsarah@example.com,+6019-3577164,Software Engineer,3336.72,3.200507,101.617257,BR016,2024-02-28
CUST01401,Danish Ismail,660707-06-3472,elizabeth12@example.net,+6019-5795558,Teacher,7734.21,3.174562,101.720739,BR001,2022-10-31
CUST01402,Ahmad Ismail,800204-13-4810,monica99@example.org,+6016-5099743,Architect,3836.75,2.973187,101.808122,BR011,2022-12-08
CUST01403,Suresh a/p Govindasamy,740507-11-5246,yvaldez@example.net,+6019-9629731,Software Engineer,3792.61,3.086567,101.607536,BR006,2026-02-27
CUST01404,Priya a/p Raman,770506-09-9756,jeffreywilson@example.org,+6013-3634592,Teacher,4137.84,3.345639,101.518631,BR018,2017-08-10
CUST01405,Danish Rahman,720704-04-7102,juliewilson@example.com,+6018-3577881,Consultant,5960.05,2.943039,101.787528,BR012,2017-10-08
CUST01406,Wei Ling Lim,710302-02-7380,aray@example.com,+6014-6127028,Engineer,7428.87,3.152034,101.7321,BR004,2017-02-11
CUST01407,Zulaikha Bakar,820411-11-9532,uwhitney@example.com,+6015-7504808,Freelancer,7810.06,3.207949,101.718841,BR015,2024-06-21
CUST01408,Priya a/l Naidu,020312-06-2831,aprilguzman@example.org,+6019-3364066,Retail Manager,4360.32,3.22834,101.693914,BR014,2017-07-24
CUST01409,Ahmad Yusof,551215-09-9714,sstewart@example.org,+6013-2891931,Business Owner,19004.44,3.058162,101.701649,BR003,2021-06-29
CUST01410,Priya a/l Muthu,780414-14-5549,dustin09@example.com,+6019-9839008,Teacher,10389.95,3.242511,101.573476,BR016,2019-08-02
CUST01411,Kumar a/l Muthu,050105-01-3754,hillmelanie@example.net,+6010-2046696,Software Engineer,5188.48,3.11386,101.508726,BR008,2021-04-12
CUST01412,Hafiz Ibrahim,961206-02-6351,ycarter@example.org,+6012-5532411,Accountant,4272.59,3.097021,101.52273,BR007,2026-04-23
CUST01413,Hui Min Lee,720226-02-1977,melaniemichael@example.org,+6017-7679136,Doctor,5074.05,3.241122,101.743975,BR014,2023-07-02
CUST01414,Alya Hassan,580215-07-9218,melissaluna@example.com,+6019-7465343,Freelancer,7859.08,3.173172,101.684966,BR006,2026-05-04
CUST01415,Jia Hao Goh,880616-13-3900,vickiekelley@example.com,+6016-8631549,Teacher,2995.66,3.007695,101.83558,BR011,2020-09-20
CUST01416,Muhammad Hassan,790303-07-4696,katherine61@example.net,+6019-3556085,Teacher,3846.05,3.125011,101.677894,BR005,2023-10-06
CUST01417,Mei Chen Chan,690812-01-7652,jacquelinekelley@example.org,+6017-9271307,Civil Servant,17066.21,3.110365,101.722047,BR003,2017-10-21
CUST01418,Jun Wei Lee,930209-04-5364,hornjenna@example.com,+6013-2259303,Lawyer,2754.87,3.172473,101.766199,BR001,2023-01-16
CUST01419,Hui Min Lim,840509-08-9864,sdominguez@example.org,+6014-6871077,Freelancer,8199.64,2.966904,101.775918,BR012,2018-08-05
CUST01420,Ravi a/p Govindasamy,950918-13-9746,jillsmith@example.net,+6016-3865798,Lawyer,6511.61,2.907989,101.68053,BR013,2025-01-21
CUST01421,Zhi Hao Ng,600804-06-6626,nicholasmcgrath@example.net,+6015-4749971,Lawyer,6023.04,2.959773,101.892565,BR017,2024-11-29
CUST01422,Suresh a/p Raman,011018-05-7750,kellythomas@example.org,+6016-6108877,Teacher,4028.94,3.15196,101.727615,BR001,2017-09-01
CUST01423,Kumar a/l Naidu,810408-09-6766,brittney26@example.org,+6019-5768531,Civil Servant,10322.49,3.172134,101.743892,BR015,2016-11-01
CUST01424,Suresh a/l Muthu,670716-15-9503,mturner@example.org,+6015-4460433,Civil Servant,6377.52,3.199997,101.702873,BR014,2023-01-09
CUST01425,Jun Wei Goh,740407-06-9433,stricklandmichelle@example.net,+6016-1166308,Sales Executive,4429.71,3.132518,101.688475,BR001,2020-04-25
CUST01426,Amir Ismail,870211-02-1296,hrichardson@example.org,+6018-4005495,Business Owner,3569.28,3.143171,101.708756,BR015,2017-04-27
CUST01427,Hafiz Hassan,791216-08-8761,andrewberry@example.net,+6014-2778155,Doctor,3195.27,3.110609,101.646502,BR002,2021-04-16
CUST01428,Kai Xuan Tan,900308-12-7395,bauerherbert@example.com,+6016-2708298,Lawyer,4277.21,3.075014,101.613919,BR002,2026-06-30
CUST01429,Haziq Kamal,900820-07-8180,ashley15@example.org,+6018-5935684,Civil Servant,17134.04,2.898898,101.663186,BR013,2023-08-20
CUST01430,Iskandar Rahman,980810-02-1511,richardhaynes@example.com,+6011-4423305,Civil Servant,6907.76,2.946684,101.832645,BR017,2022-01-21
CUST01431,Xin Yi Ng,820426-13-8929,lbrown@example.net,+6014-6753647,Civil Servant,7751.94,3.118268,101.696378,BR005,2023-08-20
CUST01432,Aiman Abdullah,950101-04-6301,molinajared@example.net,+6015-8318019,Consultant,3455.37,2.882572,101.690862,BR013,2025-06-21
CUST01433,Alya Ismail,640712-07-5831,adamwest@example.com,+6017-1493242,Business Owner,12665.57,3.160483,101.740854,BR004,2017-09-22
CUST01434,Kai Xuan Chong,611208-04-4797,denisemiller@example.com,+6018-4778634,Sales Executive,7406.53,3.084195,101.496659,BR008,2025-01-04
CUST01435,Kai Xuan Wong,570331-02-1054,huntermichael@example.net,+6013-7616706,Nurse,3816.82,3.112616,101.803345,BR004,2018-03-18
CUST01436,Kavitha a/p Raman,040508-06-7973,wrightbrandon@example.net,+6014-9993790,Freelancer,5362.33,3.121712,101.636688,BR005,2025-07-17
CUST01437,Anitha a/l Naidu,700302-10-3790,ftaylor@example.net,+6015-3347855,Retail Manager,9387.87,2.957529,101.798017,BR011,2019-08-17
CUST01438,Cheng Wei Chong,010113-02-9668,catherine83@example.net,+6010-7094706,Business Owner,5404.14,3.101746,101.688028,BR003,2017-06-26
CUST01439,Zhi Hao Chong,960626-15-9665,benjaminthomas@example.org,+6014-2881312,Consultant,6114.35,3.0412,101.53999,BR007,2026-01-26
CUST01440,Shalini a/p Suppiah,850808-07-1600,brittanyramirez@example.net,+6015-4881711,Architect,10342.83,3.030749,101.628771,BR007,2022-09-20
CUST01441,Amir Rahman,590320-06-7997,jorge26@example.com,+6010-9606373,Architect,17745.02,3.127665,101.711272,BR003,2017-04-30
CUST01442,Farah Ismail,680316-10-8123,jbentley@example.net,+6012-6301091,Freelancer,5135.39,3.207982,101.542023,BR016,2018-07-14
CUST01443,Kai Xuan Wong,861222-02-2663,wanda35@example.net,+6018-2801536,Sales Executive,6174.28,3.01785,101.785217,BR011,2023-01-26
CUST01444,Jia Hao Chan,960709-13-2069,roberthernandez@example.com,+6014-4766214,Accountant,4977.93,3.219195,101.775796,BR015,2020-04-14
CUST01445,Yi Xuan Ng,030912-01-1605,chrismartinez@example.org,+6011-1809068,Doctor,3691.15,2.944739,101.798405,BR011,2023-05-03
CUST01446,Deepa a/p Govindasamy,751102-14-9553,danielle55@example.com,+6014-5823279,Nurse,16833.47,2.956746,101.813078,BR011,2017-12-16
CUST01447,Suresh a/l Naidu,950527-12-9032,alejandro63@example.com,+6015-6847354,Engineer,16902.77,3.201956,101.713511,BR015,2026-01-05
CUST01448,Siti Ismail,940820-03-3255,thompsonjessica@example.com,+6014-9872064,Doctor,2875.06,3.100933,101.754535,BR003,2022-05-20
CUST01449,Wei Ling Chong,951102-11-2620,ricejackie@example.com,+6014-4457963,Civil Servant,7558.47,2.927997,101.901915,BR017,2022-01-04
CUST01450,Priya a/l Muthu,851114-07-9653,jacksonstacey@example.com,+6018-6733093,Engineer,17304.33,3.160445,101.640372,BR006,2018-04-20
CUST01451,Zulaikha Bakar,951020-11-1186,iwoods@example.com,+6010-3800519,Consultant,6138.04,3.272071,101.632372,BR018,2016-08-03
CUST01452,Hafiz Ibrahim,810305-12-2465,dianethomas@example.net,+6015-9465658,Doctor,13576.15,3.213311,101.694329,BR014,2023-11-07
CUST01453,Danish Kamal,580220-04-2996,jasmine39@example.com,+6019-5045508,Engineer,19502.31,3.016326,101.571846,BR007,2023-07-25
CUST01454,Alya Bakar,640826-12-2986,lauren84@example.com,+6013-8157024,Software Engineer,11937.08,2.982376,101.664326,BR010,2026-01-08
CUST01455,Alya Rahman,810711-05-5904,kevinhodge@example.com,+6013-8734943,Accountant,19191.99,3.105585,101.615814,BR002,2020-07-23
CUST01456,Zhi Hao Ong,710218-07-6712,walterschase@example.org,+6018-7726711,Lawyer,2990.69,2.882366,101.648341,BR013,2025-12-11
CUST01457,Kumar a/p Govindasamy,631002-14-2480,millerjustin@example.com,+6015-5897248,Architect,4800.82,2.997917,101.847165,BR011,2024-07-30
CUST01458,Zhi Hao Teh,560112-04-2659,urhodes@example.org,+6016-5868367,Accountant,3285.77,3.210662,101.562232,BR016,2021-04-17
CUST01459,Deepa a/p Suppiah,810331-06-9924,sullivanchristina@example.net,+6019-8077035,Engineer,3800.31,3.16889,101.520888,BR016,2016-07-26
CUST01460,Mei Chen Goh,760929-03-7753,john89@example.org,+6011-1586563,Teacher,6937.99,3.09408,101.713188,BR003,2022-07-27
CUST01461,Deepa a/l Krishnan,030924-10-7710,gregoryrichardson@example.org,+6014-1718965,Sales Executive,16031.35,3.357737,101.593347,BR018,2021-08-19
CUST01462,Siti Bakar,030214-14-4416,ksimpson@example.com,+6016-3253530,Consultant,15605.12,3.00354,101.540186,BR007,2026-03-12
CUST01463,Cheng Wei Lim,720524-11-4463,marierosales@example.org,+6010-7908210,Lawyer,12825.58,2.977265,101.809449,BR017,2019-05-25
CUST01464,Shalini a/p Govindasamy,790827-09-9341,jason96@example.org,+6017-5523513,Consultant,9342.63,3.165432,101.670511,BR001,2025-09-22
CUST01465,Alya Kamal,011214-16-3019,wallspatricia@example.com,+6017-5460760,Accountant,17672.53,3.344377,101.570577,BR018,2017-01-26
CUST01466,Danish Rahman,551016-02-4327,wmurphy@example.org,+6014-4494099,Lawyer,6329.51,2.957964,101.696222,BR013,2016-07-18
CUST01467,Hafiz Bakar,000103-08-4834,richardsmith@example.com,+6013-7789789,Business Owner,4021.96,3.209422,101.703593,BR015,2021-06-01
CUST01468,Nabila Abdullah,590925-12-4162,robertgentry@example.org,+6018-8031853,Software Engineer,4947.01,3.171164,101.662916,BR001,2018-01-19
CUST01469,Ahmad Yusof,880430-08-2392,thomasbrooks@example.com,+6019-1584689,Retail Manager,6075.74,3.124079,101.702565,BR003,2020-10-11
CUST01470,Jia Hao Tan,640809-09-2633,daniel77@example.org,+6019-4608636,Nurse,10882.38,3.151408,101.67034,BR002,2017-11-22
CUST01471,Priya a/l Muthu,921107-05-3362,howardmonica@example.org,+6014-8811741,Software Engineer,13696.03,3.226499,101.556261,BR016,2017-08-08
CUST01472,Xin Yi Teh,690928-03-9126,ralphmanning@example.org,+6014-3418487,Nurse,18680.89,3.172174,101.688854,BR014,2018-02-05
CUST01473,Deepa a/p Raman,650612-02-1580,rmoyer@example.org,+6013-6125083,Civil Servant,3551.68,3.160822,101.73362,BR014,2020-09-15
CUST01474,Wei Ling Lee,830101-06-1918,markduran@example.com,+6012-1589684,Software Engineer,7228.01,3.30662,101.600845,BR018,2021-07-07
CUST01475,Ravi a/l Muthu,010903-01-1163,ganderson@example.org,+6015-8798827,Architect,3709.83,2.883299,101.843729,BR012,2017-10-03
CUST01476,Farah Abdullah,720913-15-2465,saundersjoel@example.net,+6013-1580613,Freelancer,9309.88,3.190174,101.675923,BR001,2024-10-17
CUST01477,Jun Wei Tan,761223-13-9120,hamiltonkeith@example.com,+6012-4114486,Teacher,11794.56,2.946739,101.790046,BR017,2017-04-27
CUST01478,Yi Xuan Lim,761210-03-8765,jessicalopez@example.com,+6010-8630079,Business Owner,3112.79,3.161242,101.538363,BR016,2024-02-29
CUST01479,Danish Yusof,980915-05-4009,elizabethpatterson@example.com,+6015-3419688,Teacher,3795.89,3.060476,101.672439,BR010,2023-07-24
CUST01480,Suresh a/l Muthu,951230-01-5449,jacobbond@example.net,+6014-8483940,Engineer,4185.14,3.156419,101.693325,BR005,2022-11-03
CUST01481,Iskandar Ismail,661219-04-4680,richardhill@example.org,+6012-8890740,Civil Servant,17820.09,3.219403,101.710936,BR014,2025-10-14
CUST01482,Kumar a/p Govindasamy,761023-12-9848,christopherwilliams@example.com,+6015-2878154,Civil Servant,2574.11,3.082473,101.621809,BR005,2021-09-29
CUST01483,Hui Min Teh,900704-13-5678,jeffreysimmons@example.org,+6019-9990249,Civil Servant,17493.96,3.071703,101.735184,BR003,2021-08-05
CUST01484,Vikram a/p Raman,870910-01-9195,daniel54@example.com,+6018-5517001,Business Owner,4582.72,3.052766,101.647844,BR007,2023-08-12
CUST01485,Naveen a/l Muthu,671105-05-2404,whiteaaron@example.net,+6016-6046176,Software Engineer,16713.2,3.156472,101.76083,BR004,2023-12-11
CUST01486,Amir Ismail,660204-09-9852,mramirez@example.org,+6014-9554056,Civil Servant,3040.84,3.087557,101.645395,BR007,2020-10-21
CUST01487,Nur Ibrahim,680210-01-3755,tcox@example.org,+6011-3793401,Accountant,3986.96,2.968702,101.748115,BR011,2017-06-18
CUST01488,Farah Kamal,560306-01-1998,markfigueroa@example.com,+6010-1304904,Doctor,11500.29,3.198835,101.744455,BR001,2023-12-04
CUST01489,Cheng Wei Wong,841210-03-2987,john43@example.net,+6014-2998350,Civil Servant,4096.64,3.160828,101.699569,BR004,2020-05-02
CUST01490,Jun Wei Lee,991109-15-9715,crystalguzman@example.org,+6019-8714686,Retail Manager,8106.88,3.034258,101.517805,BR008,2022-05-12
CUST01491,Xin Yi Goh,010208-14-8864,jamesgriffin@example.org,+6014-7518080,Accountant,15160.7,3.155171,101.790084,BR003,2017-03-30
CUST01492,Suresh a/p Govindasamy,821029-04-5002,kevin73@example.net,+6017-2383817,Teacher,9109.6,3.046169,101.470573,BR008,2023-09-14
CUST01493,Anitha a/p Govindasamy,570908-10-3458,robertdawson@example.net,+6010-4172782,Freelancer,7467.53,3.026492,101.400437,BR009,2026-04-01
CUST01494,Farah Hassan,000329-11-7145,hsoto@example.com,+6019-5200727,Business Owner,6964.19,3.035481,101.386414,BR009,2017-03-04
CUST01495,Mei Chen Tan,760612-01-3281,jacksonjoshua@example.org,+6018-2536829,Retail Manager,15831.42,3.100977,101.716488,BR004,2019-05-24
CUST01496,Jun Wei Ng,030415-05-1551,bauerheather@example.net,+6018-6815832,Doctor,4274.49,3.119986,101.760712,BR001,2024-08-22
CUST01497,Zhi Hao Chong,800331-08-6643,martinkaren@example.com,+6017-1291870,Software Engineer,9136.41,3.047142,101.542331,BR007,2022-02-13
CUST01498,Hafiz Kamal,750104-03-3894,jamie02@example.net,+6015-6804104,Lawyer,2535.8,3.153992,101.785459,BR004,2018-09-03
CUST01499,Ahmad Bakar,900502-14-1385,ugordon@example.net,+6010-2430308,Nurse,3623.12,3.105628,101.593396,BR006,2019-01-31
CUST01500,Nabila Ismail,980213-14-2124,jeanette81@example.org,+6015-2502757,Nurse,19358.05,3.108982,101.53823,BR007,2018-09-26
CUST01501,Wei Ling Chan,820305-09-6112,benjamin24@example.org,+6016-1771810,Business Owner,7628.42,3.197097,101.707414,BR014,2019-03-14
CUST01502,Alya Yusof,950111-03-6454,veronicaclark@example.org,+6013-1114816,Sales Executive,3498.44,2.956459,101.596208,BR013,2016-07-05
CUST01503,Suresh a/p Suppiah,721113-14-2361,mark84@example.net,+6017-7875845,Doctor,17082.35,3.081297,101.622409,BR005,2017-10-31
CUST01504,Ravi a/p Suppiah,000531-13-7853,mark00@example.com,+6016-6890185,Retail Manager,7834.46,3.124567,101.684202,BR006,2018-09-09
CUST01505,Haziq Bakar,031004-09-5807,jonathansmith@example.net,+6017-8836327,Consultant,2661.04,3.242187,101.722109,BR014,2026-04-14
CUST01506,Wei Ling Tan,940529-10-9201,sharphailey@example.net,+6019-9109646,Business Owner,4939.44,3.255448,101.68023,BR014,2019-01-26
CUST01507,Aiman Abdullah,861022-13-9973,lisawalker@example.com,+6012-2853259,Nurse,7267.2,3.046339,101.665906,BR010,2018-07-14
CUST01508,Anitha a/p Raman,861227-01-7548,omoore@example.net,+6014-5748873,Freelancer,9212.9,2.889806,101.822009,BR012,2023-10-05
CUST01509,Kavitha a/p Raman,731205-15-5080,ldavis@example.com,+6010-8198004,Accountant,5680.77,3.322952,101.580322,BR018,2018-05-06
CUST01510,Naveen a/p Raman,980813-14-9795,ashleyharding@example.org,+6010-7797319,Civil Servant,3019.34,3.110352,101.715996,BR003,2022-12-21
CUST01511,Ahmad Ismail,560719-10-4212,nicoleroth@example.net,+6014-2380122,Engineer,8351.69,3.070651,101.791538,BR003,2022-07-29
CUST01512,Wei Ling Ng,581220-08-9137,simmonsspencer@example.net,+6012-2685776,Retail Manager,3959.96,2.941471,101.884103,BR017,2026-03-14
CUST01513,Siti Abdullah,600704-02-2313,jessicamorton@example.net,+6011-5630888,Software Engineer,5234.5,3.014001,101.578403,BR007,2017-06-29
CUST01514,Nur Rahman,740911-15-7798,serranokathryn@example.net,+6010-2760974,Freelancer,7594.37,3.230061,101.591475,BR016,2025-11-04
CUST01515,Shalini a/l Muthu,620207-10-8645,adamssheena@example.net,+6018-6513945,Consultant,3229.32,2.923578,101.853687,BR017,2016-08-18
CUST01516,Kai Xuan Wong,031025-01-8742,danielsloretta@example.net,+6012-9866499,Freelancer,6052.74,2.996355,101.813317,BR011,2017-05-06
CUST01517,Danish Bakar,620616-14-2733,tochoa@example.com,+6016-1461211,Doctor,3880.52,3.15225,101.666971,BR002,2021-04-14
CUST01518,Haziq Hassan,670908-04-9773,courtney10@example.org,+6013-9139712,Sales Executive,18539.68,2.894415,101.654694,BR013,2017-07-10
CUST01519,Haziq Abdullah,700502-12-6765,othomas@example.org,+6017-9397018,Software Engineer,6779.66,3.168245,101.628912,BR006,2018-10-06
CUST01520,Danish Ismail,741007-06-2991,diana36@example.net,+6016-1638397,Engineer,17161.02,3.097385,101.643429,BR007,2025-05-04
CUST01521,Cheng Wei Ng,960820-15-6841,vasquezvicki@example.org,+6011-8330480,Lawyer,5360.68,2.939287,101.595551,BR013,2017-07-06
CUST01522,Ravi a/l Muthu,030416-14-5885,charles51@example.com,+6012-7516190,Teacher,7747.1,2.944983,101.739058,BR011,2025-09-23
CUST01523,Alya Yusof,010628-04-9817,munozgregory@example.net,+6013-3297699,Business Owner,3583.66,3.11244,101.586781,BR006,2019-11-05
CUST01524,Aiman Rahman,640725-01-6183,qhernandez@example.net,+6013-1786024,Nurse,12524.68,3.214985,101.768305,BR014,2019-07-06
CUST01525,Hui Min Ong,960517-08-6406,nancy47@example.net,+6013-6198557,Doctor,2681.43,3.011552,101.655282,BR010,2020-03-09
CUST01526,Cheng Wei Ong,681007-14-3003,mccormickmichelle@example.org,+6015-8926540,Accountant,3603.62,3.073949,101.40219,BR009,2024-04-10
CUST01527,Hafiz Rahman,621029-04-3195,petergriffith@example.com,+6013-7243070,Engineer,6273.41,3.237066,101.699869,BR015,2024-08-22
CUST01528,Amir Abdullah,610225-01-3515,rmoyer@example.org,+6014-5911006,Civil Servant,7449.02,3.156327,101.75076,BR015,2017-05-26
CUST01529,Cheng Wei Chan,050327-04-1447,katrinagomez@example.com,+6017-4415408,Software Engineer,6123.46,3.057211,101.586574,BR005,2020-09-25
CUST01530,Kavitha a/l Naidu,900302-07-2600,oguzman@example.com,+6017-6335996,Business Owner,6355.27,3.071263,101.54649,BR008,2017-11-16
CUST01531,Jia Hao Ng,020912-06-7280,patrickdunn@example.net,+6010-3717869,Lawyer,17020.89,2.987179,101.869255,BR017,2021-10-31
CUST01532,Vikram a/p Raman,820213-10-1748,patrickcarpenter@example.com,+6017-7989714,Civil Servant,4536.0,3.159047,101.723336,BR015,2021-10-06
CUST01533,Deepa a/p Raman,940429-07-6542,jacquelineyoung@example.org,+6013-7725763,Architect,3335.14,3.251472,101.625413,BR016,2018-07-12
CUST01534,Vikram a/p Govindasamy,980110-14-1494,angela21@example.org,+6014-9674029,Doctor,4487.3,2.986013,101.856899,BR017,2025-08-11
CUST01535,Anitha a/l Krishnan,730716-01-9598,kenneththomas@example.net,+6019-3429177,Architect,5963.42,3.047323,101.499248,BR008,2026-03-20
CUST01536,Kavitha a/p Suppiah,010222-11-7741,jasonwalker@example.net,+6017-1969270,Retail Manager,13560.48,3.074793,101.422152,BR009,2017-11-15
CUST01537,Kai Xuan Ng,030807-01-4952,nicholasjohnson@example.com,+6018-5356572,Nurse,18323.76,3.129117,101.569823,BR006,2020-03-18
CUST01538,Aina Hassan,900726-05-8899,woodsbrittney@example.org,+6011-2785378,Engineer,6126.76,3.088393,101.582279,BR006,2016-10-18
CUST01539,Jun Wei Lim,731004-10-3582,sanchezalexander@example.com,+6019-7240267,Teacher,12849.78,3.160771,101.53801,BR016,2017-12-28
CUST01540,Ahmad Kamal,640813-01-4396,kaitlinhale@example.com,+6019-4005993,Nurse,12958.5,3.183567,101.66518,BR006,2021-03-13
CUST01541,Kumar a/l Muthu,910817-16-2268,sharrington@example.org,+6010-8085066,Doctor,2550.55,3.010779,101.432618,BR009,2019-05-13
CUST01542,Danish Rahman,630416-02-6610,munozglenn@example.org,+6010-1551939,Business Owner,5230.38,2.967122,101.649068,BR013,2016-08-08
CUST01543,Aiman Yusof,970217-15-3619,qspencer@example.net,+6019-5674754,Engineer,3387.2,2.929686,101.700251,BR013,2021-07-07
CUST01544,Deepa a/l Naidu,901218-11-5261,rhuynh@example.org,+6010-3621838,Sales Executive,6644.62,3.155101,101.70321,BR002,2021-09-17
CUST01545,Nabila Hassan,040523-16-3952,juliamorales@example.org,+6018-2459729,Nurse,4912.56,3.033,101.543731,BR008,2018-09-07
CUST01546,Kumar a/l Krishnan,640905-14-8414,velasqueztaylor@example.com,+6016-6555400,Consultant,7520.54,3.156478,101.770939,BR014,2023-01-09
CUST01547,Zhi Hao Teh,751002-12-1383,zmartin@example.com,+6017-1009572,Doctor,6021.97,3.17787,101.611491,BR016,2022-12-18
CUST01548,Kavitha a/l Krishnan,650326-02-9939,garciamichael@example.com,+6010-2732796,Lawyer,4419.66,3.241558,101.669274,BR014,2016-10-10
CUST01549,Danish Rahman,690809-08-1533,jonescarla@example.com,+6014-5346105,Doctor,3644.84,2.946006,101.841976,BR012,2018-05-16
CUST01550,Zhi Hao Wong,650801-08-6857,allenchristopher@example.net,+6011-1683453,Nurse,7670.54,3.021383,101.642599,BR007,2022-02-22
CUST01551,Muhammad Hassan,830907-02-4703,uwilliams@example.org,+6016-9460643,Consultant,3608.77,2.969714,101.824636,BR011,2025-12-06
CUST01552,Deepa a/p Raman,551202-08-7457,karen68@example.org,+6012-8159756,Nurse,12161.84,3.097256,101.559273,BR007,2019-08-22
CUST01553,Naveen a/p Govindasamy,750111-09-5427,terri15@example.com,+6011-3712746,Lawyer,7230.27,3.032484,101.560191,BR008,2025-06-17
CUST01554,Jun Wei Teh,800903-08-9133,andrewflynn@example.com,+6016-4323363,Teacher,3462.24,3.156098,101.593268,BR005,2022-05-11
CUST01555,Haziq Abdullah,980205-09-2522,evan71@example.net,+6019-4408282,Architect,3183.8,2.886949,101.690454,BR013,2017-06-05
CUST01556,Amir Bakar,910603-12-4803,lindseypena@example.net,+6016-3149309,Civil Servant,11822.02,3.129245,101.693701,BR003,2018-02-08
CUST01557,Vikram a/l Krishnan,030906-01-7975,seth25@example.com,+6011-8525736,Engineer,4032.91,2.878369,101.7069,BR013,2020-02-06
CUST01558,Naveen a/l Krishnan,980418-07-3723,twilliams@example.net,+6011-2053518,Sales Executive,7510.21,3.033593,101.758548,BR011,2020-05-16
CUST01559,Aiman Hassan,651208-10-4895,rubioashley@example.com,+6010-9680946,Consultant,3383.23,3.064096,101.65888,BR005,2017-06-20
CUST01560,Cheng Wei Teh,560329-05-3512,amy17@example.org,+6011-9417437,Doctor,15539.39,3.093717,101.671627,BR005,2021-01-16
CUST01561,Hui Min Lim,631225-10-9892,evan49@example.com,+6017-9265097,Software Engineer,3362.84,3.161509,101.681973,BR006,2020-01-11
CUST01562,Haziq Hassan,590120-14-6804,escott@example.com,+6011-7005713,Consultant,12083.52,3.145612,101.684116,BR006,2024-02-16
CUST01563,Suresh a/p Suppiah,770807-12-9639,shelbybonilla@example.com,+6018-4222994,Consultant,17298.05,2.997044,101.447985,BR009,2016-11-21
CUST01564,Cheng Wei Lee,980612-09-7519,nortiz@example.net,+6017-3102676,Freelancer,3669.0,2.952493,101.595308,BR013,2017-10-14
CUST01565,Anitha a/p Govindasamy,731031-06-3605,nathaniel68@example.com,+6012-4079741,Consultant,7142.44,2.870711,101.796861,BR012,2019-02-15
CUST01566,Vikram a/p Raman,990410-07-5127,oliverdawn@example.net,+6012-1213278,Teacher,5093.34,3.016194,101.624896,BR010,2024-05-27
CUST01567,Aiman Ismail,900626-14-7462,mooredaniel@example.com,+6012-8438749,Software Engineer,5894.76,3.189042,101.72486,BR001,2018-01-28
CUST01568,Zulaikha Kamal,750618-10-1644,walkermorgan@example.net,+6010-4885591,Lawyer,2649.74,3.171041,101.674938,BR014,2017-06-06
CUST01569,Farah Hassan,781016-10-8596,lrodriguez@example.net,+6011-2456992,Lawyer,7482.62,3.330385,101.53045,BR018,2017-07-30
CUST01570,Haziq Ismail,030623-13-5603,mtate@example.com,+6016-2860547,Freelancer,7408.34,3.191471,101.663132,BR015,2019-10-13
CUST01571,Amir Yusof,710512-12-1169,vlewis@example.com,+6010-6462064,Accountant,5199.6,3.079263,101.611904,BR007,2017-08-21
CUST01572,Mei Chen Wong,780323-07-7723,stacythomas@example.org,+6011-1208554,Freelancer,4373.71,3.116871,101.808178,BR004,2019-09-12
CUST01573,Xin Yi Lee,570123-09-5713,zbrown@example.com,+6011-4298860,Architect,18737.12,3.079988,101.571158,BR007,2024-05-23
CUST01574,Cheng Wei Ong,040604-09-5789,brianparrish@example.net,+6012-1755023,Consultant,5999.98,3.120566,101.695204,BR002,2020-09-21
CUST01575,Jia Hao Goh,680206-16-4093,christopherjones@example.com,+6012-6029469,Retail Manager,2865.5,3.311163,101.639003,BR018,2017-04-24
CUST01576,Xin Yi Ng,990309-08-5401,hsavage@example.org,+6015-8187370,Engineer,17886.98,2.999253,101.445024,BR009,2023-03-12
CUST01577,Cheng Wei Teh,680620-12-4692,davisrachel@example.com,+6016-3295382,Civil Servant,3618.82,3.121739,101.758633,BR001,2026-02-17
CUST01578,Hafiz Ibrahim,700505-01-6552,michaelbarnes@example.com,+6013-9403033,Consultant,7599.73,2.99768,101.384166,BR009,2021-11-07
CUST01579,Muhammad Ibrahim,940909-01-1532,sgomez@example.net,+6019-4697270,Architect,5416.48,3.016193,101.480727,BR009,2020-05-21
CUST01580,Yi Xuan Lim,551229-09-5518,christiancontreras@example.net,+6013-8667798,Software Engineer,5813.12,2.99186,101.618952,BR010,2017-12-10
CUST01581,Anitha a/p Suppiah,880912-05-7352,alexis72@example.com,+6013-7780212,Doctor,7654.65,3.087721,101.489382,BR009,2025-02-20
CUST01582,Suresh a/p Govindasamy,610305-02-1979,ubaker@example.org,+6012-8596915,Architect,4349.01,3.109405,101.783783,BR003,2026-05-19
CUST01583,Suresh a/l Krishnan,020830-13-1334,cynthiafowler@example.net,+6014-4962575,Sales Executive,3323.79,3.150352,101.689832,BR002,2017-06-20
CUST01584,Nabila Hassan,660605-08-4461,robertpayne@example.org,+6010-7649784,Architect,6830.55,3.167812,101.711848,BR015,2022-07-04
CUST01585,Jia Hao Goh,660421-14-8788,stephaniebonilla@example.net,+6019-5717908,Engineer,14142.81,3.073034,101.601502,BR005,2026-01-17
CUST01586,Naveen a/p Suppiah,740103-02-7344,allen48@example.org,+6017-4443459,Lawyer,17758.48,2.962617,101.820075,BR011,2023-06-28
CUST01587,Shalini a/l Naidu,871211-11-6286,wgutierrez@example.com,+6010-6078183,Lawyer,2776.1,3.255993,101.520372,BR016,2024-10-11
CUST01588,Hui Min Ong,761015-15-1487,daniel27@example.com,+6016-7555766,Accountant,2873.64,3.112172,101.731614,BR003,2020-03-24
CUST01589,Kumar a/p Suppiah,830218-06-9338,amyjames@example.net,+6019-2343722,Freelancer,7357.4,3.104647,101.595184,BR007,2023-05-20
CUST01590,Hafiz Ismail,770515-07-4823,jacqueline11@example.org,+6017-2517281,Architect,7727.19,3.225984,101.787951,BR014,2017-05-23
CUST01591,Suresh a/p Raman,560425-07-9774,vgarcia@example.net,+6013-2461262,Freelancer,11629.84,2.930739,101.612875,BR013,2025-10-08
CUST01592,Kumar a/l Muthu,600624-14-8366,zgordon@example.org,+6010-7381740,Lawyer,6659.26,3.006634,101.626544,BR010,2023-03-05
CUST01593,Ahmad Kamal,980130-09-4801,jeffreygibson@example.com,+6018-9600498,Retail Manager,4051.55,3.098547,101.449334,BR009,2017-08-22
CUST01594,Ravi a/p Govindasamy,980425-14-8724,belllaura@example.com,+6018-1093623,Civil Servant,3768.04,3.103614,101.748875,BR003,2020-08-16
CUST01595,Priya a/l Krishnan,960708-02-2686,xsmith@example.org,+6016-5237886,Engineer,9703.0,2.958338,101.875531,BR017,2021-07-28
CUST01596,Priya a/l Krishnan,681116-02-2874,kyle63@example.org,+6017-1912667,Lawyer,5942.93,3.125437,101.70516,BR001,2025-07-01
CUST01597,Nur Abdullah,760323-03-8442,johnsonkrystal@example.net,+6012-7746305,Nurse,3557.38,2.963657,101.784499,BR017,2024-09-11
CUST01598,Suresh a/l Krishnan,850629-01-8498,george96@example.org,+6012-9662750,Doctor,3819.54,2.930916,101.899532,BR017,2022-01-20
CUST01599,Kavitha a/p Govindasamy,750124-01-7930,zpoole@example.net,+6019-2884639,Retail Manager,3699.68,3.000448,101.435311,BR009,2020-10-14
CUST01600,Yi Xuan Ong,020620-05-1274,lmadden@example.com,+6013-3014052,Architect,7150.93,3.054928,101.582607,BR005,2025-07-15
CUST01601,Iskandar Yusof,810512-13-4012,thall@example.org,+6014-6603722,Doctor,3860.93,3.019962,101.423635,BR009,2021-07-16
CUST01602,Ahmad Yusof,870126-12-4521,ocameron@example.com,+6016-1311508,Lawyer,7741.12,3.08549,101.661115,BR005,2024-11-13
CUST01603,Zhi Hao Tan,630613-15-7636,james10@example.com,+6010-5193055,Lawyer,7163.66,3.141548,101.593617,BR006,2016-08-11
CUST01604,Amir Kamal,931231-10-1688,anthonyzimmerman@example.org,+6015-6953559,Accountant,3896.8,3.144539,101.690501,BR005,2022-03-19
CUST01605,Naveen a/p Suppiah,561004-01-4982,tonyawalters@example.com,+6016-5563021,Consultant,6285.07,2.94625,101.758241,BR012,2018-05-12
CUST01606,Shalini a/p Suppiah,880215-13-7735,kennethnichols@example.org,+6012-4314934,Nurse,4634.54,3.17614,101.563788,BR016,2023-10-05
CUST01607,Shalini a/l Naidu,951108-12-6085,qtownsend@example.org,+6019-9130270,Consultant,4274.93,3.180717,101.67581,BR014,2019-03-31
CUST01608,Mei Chen Teh,020331-14-3110,littlebeth@example.org,+6010-7439626,Civil Servant,19383.53,2.937479,101.801387,BR017,2017-08-09
CUST01609,Vikram a/p Raman,011109-05-9981,rodriguezjustin@example.org,+6013-4612742,Sales Executive,7071.81,3.099137,101.569632,BR007,2017-06-03
CUST01610,Naveen a/p Suppiah,800317-14-1202,roberta36@example.org,+6014-3037056,Accountant,5104.33,3.197996,101.54089,BR016,2021-05-28
CUST01611,Deepa a/l Muthu,560805-07-2386,tuckerconnie@example.org,+6012-3114847,Civil Servant,4515.47,2.960683,101.790905,BR011,2023-05-15
CUST01612,Iskandar Bakar,740405-03-5996,cynthia72@example.org,+6013-1566326,Consultant,7775.24,2.883116,101.6706,BR013,2019-06-26
CUST01613,Ahmad Hassan,000905-05-9905,wilsonmatthew@example.com,+6017-3221223,Software Engineer,15733.13,2.983379,101.84286,BR017,2021-05-02
CUST01614,Xin Yi Lee,860313-05-1911,moorejudy@example.org,+6018-4064382,Accountant,5312.45,3.085338,101.579874,BR005,2018-06-04
CUST01615,Yi Xuan Teh,561221-13-3049,holmeskathleen@example.org,+6019-1569674,Freelancer,4475.47,3.161931,101.731958,BR004,2025-03-01
CUST01616,Aina Kamal,610327-14-7701,anthonytaylor@example.org,+6011-9828041,Civil Servant,9835.22,3.087132,101.455996,BR008,2023-10-10
CUST01617,Suresh a/l Muthu,020628-16-5220,joshua31@example.com,+6011-3740840,Sales Executive,10330.05,2.994647,101.673533,BR010,2023-07-30
CUST01618,Anitha a/p Suppiah,880204-16-4218,fmcgee@example.com,+6012-2229343,Architect,4481.16,3.096022,101.761522,BR004,2021-08-15
CUST01619,Ravi a/l Muthu,750630-03-4248,johngonzalez@example.net,+6018-9124857,Accountant,2919.93,3.128382,101.683201,BR005,2019-04-22
CUST01620,Xin Yi Ng,750220-09-9083,gabriel37@example.com,+6016-1430716,Architect,3999.58,3.169931,101.734994,BR015,2025-04-29
CUST01621,Jia Hao Tan,760906-03-8720,lisa91@example.net,+6010-6994162,Teacher,15888.92,3.193953,101.526927,BR016,2020-04-29
CUST01622,Anitha a/l Muthu,650625-09-1606,nathaniel17@example.org,+6019-2231020,Doctor,12131.76,3.028865,101.406856,BR009,2025-05-23
CUST01623,Priya a/p Govindasamy,030527-09-5444,brenda49@example.net,+6019-7583389,Freelancer,6607.97,3.129344,101.804133,BR004,2025-12-31
CUST01624,Iskandar Bakar,820108-08-1206,ljohnson@example.com,+6014-6350811,Business Owner,2734.46,3.149537,101.55318,BR016,2020-10-15
CUST01625,Naveen a/p Raman,641016-07-7268,charlessandoval@example.com,+6016-3689700,Engineer,7059.85,3.09075,101.627981,BR006,2017-12-11
CUST01626,Naveen a/p Suppiah,710321-01-8287,floresalex@example.com,+6018-1208835,Nurse,3283.48,3.058775,101.469808,BR009,2018-08-19
CUST01627,Xin Yi Ong,831114-11-7840,rachel81@example.com,+6012-4356911,Software Engineer,6617.15,3.09637,101.613054,BR007,2019-05-02
CUST01628,Hafiz Abdullah,660207-16-1697,dakotaramirez@example.net,+6019-3821719,Software Engineer,15193.82,3.202736,101.730103,BR014,2025-12-16
CUST01629,Hafiz Yusof,951114-05-7386,berrydebbie@example.net,+6016-2682083,Teacher,3170.57,3.027771,101.480749,BR008,2024-01-22
CUST01630,Mei Chen Ong,710521-13-1529,james07@example.com,+6014-8630644,Engineer,7957.26,3.039405,101.470644,BR008,2016-12-17
CUST01631,Zulaikha Bakar,690320-12-5563,martinezgeorge@example.com,+6014-9057219,Retail Manager,18362.52,3.155311,101.768416,BR001,2022-05-29
CUST01632,Ravi a/p Govindasamy,670426-10-7396,mitchelldawn@example.net,+6011-6686779,Retail Manager,5453.05,3.011287,101.616617,BR007,2026-05-17
CUST01633,Yi Xuan Lee,010129-13-1045,david60@example.net,+6015-4893809,Software Engineer,5845.29,3.169484,101.707617,BR014,2025-09-04
CUST01634,Siti Kamal,570614-01-4540,jonescody@example.com,+6016-9672756,Civil Servant,2596.84,3.237133,101.63139,BR016,2023-09-24
CUST01635,Amir Ibrahim,690325-02-3117,richard85@example.com,+6018-2471865,Freelancer,8096.17,3.066162,101.456698,BR008,2022-08-14
CUST01636,Priya a/l Muthu,750301-06-1961,psnyder@example.org,+6013-1483393,Nurse,3229.67,3.066067,101.596711,BR007,2024-12-04
CUST01637,Deepa a/p Suppiah,020520-12-4789,johnsonbrandon@example.org,+6011-4131852,Civil Servant,2583.32,2.923497,101.810753,BR012,2017-11-18
CUST01638,Alya Bakar,050305-10-6270,fperez@example.org,+6014-5586124,Freelancer,11828.27,2.961206,101.842357,BR012,2023-09-27
CUST01639,Shalini a/l Krishnan,960210-03-3037,villamiranda@example.com,+6018-1273300,Freelancer,7014.28,3.067925,101.583747,BR010,2025-04-30
CUST01640,Anitha a/l Naidu,570825-10-6409,valentinecharles@example.com,+6016-7813972,Nurse,4233.91,3.033283,101.627711,BR007,2023-05-17
CUST01641,Aina Bakar,950129-01-4845,knelson@example.org,+6016-2720485,Engineer,3340.0,3.108989,101.65936,BR002,2022-05-01
CUST01642,Wei Ling Ng,610628-14-7653,michelle96@example.net,+6010-3199188,Accountant,7980.07,3.232318,101.677838,BR015,2020-12-18
CUST01643,Muhammad Kamal,610812-08-2477,beckystanley@example.com,+6016-9339122,Engineer,5981.36,3.076256,101.530776,BR007,2019-09-18
CUST01644,Kumar a/l Krishnan,920115-07-5018,christophermiranda@example.net,+6019-6476037,Business Owner,5428.72,3.072624,101.616438,BR005,2017-04-28
CUST01645,Anitha a/p Raman,830604-15-1891,donnamoss@example.org,+6015-8721462,Teacher,17101.66,3.16816,101.739357,BR004,2023-06-12
CUST01646,Shalini a/l Naidu,590403-10-7629,abrown@example.net,+6019-4603881,Civil Servant,3160.2,2.914243,101.686522,BR013,2018-08-28
CUST01647,Jun Wei Chan,960603-13-9961,tonypeterson@example.net,+6010-7278962,Freelancer,19646.83,3.058651,101.452988,BR009,2024-02-11
CUST01648,Kavitha a/p Suppiah,810311-01-2642,kathleen47@example.net,+6019-4113995,Nurse,2551.07,3.111847,101.711864,BR003,2018-01-13
CUST01649,Alya Ismail,800920-07-7633,jefferycox@example.com,+6014-5346578,Software Engineer,2872.09,3.172241,101.603156,BR016,2025-03-05
CUST01650,Alya Ibrahim,810303-06-5231,rlopez@example.com,+6012-8370164,Architect,4336.89,3.179601,101.766487,BR015,2018-02-19
CUST01651,Naveen a/l Krishnan,701108-06-1355,thomasnancy@example.net,+6019-2575728,Business Owner,3877.48,3.058298,101.608402,BR005,2017-08-06
CUST01652,Danish Ismail,560428-10-9104,blopez@example.com,+6011-9812589,Nurse,4531.82,2.925797,101.797932,BR017,2023-02-11
CUST01653,Jia Hao Chong,780216-13-1943,david81@example.com,+6017-6429232,Civil Servant,8833.28,3.065445,101.398591,BR009,2020-10-23
CUST01654,Muhammad Abdullah,630110-10-5028,dromero@example.com,+6013-3595862,Nurse,4046.91,3.181318,101.698193,BR001,2019-03-22
CUST01655,Aina Bakar,600521-03-7785,bdennis@example.org,+6018-1566565,Civil Servant,5545.58,3.189418,101.68406,BR015,2019-06-09
CUST01656,Nur Kamal,750819-11-6131,alyssa78@example.com,+6012-9446042,Engineer,3108.47,3.10068,101.708407,BR002,2017-08-02
CUST01657,Kavitha a/p Govindasamy,571227-16-5427,susanrobinson@example.org,+6010-8286828,Architect,5783.88,3.04654,101.572075,BR010,2025-06-12
CUST01658,Mei Chen Chong,840404-06-1225,camerongarcia@example.org,+6010-5112267,Retail Manager,7316.98,3.194858,101.702763,BR001,2025-04-28
CUST01659,Vikram a/l Krishnan,900622-15-5378,gmyers@example.org,+6015-9148714,Freelancer,19103.74,3.228849,101.702087,BR014,2023-11-02
CUST01660,Shalini a/p Govindasamy,990622-09-2267,tyler23@example.com,+6014-9490715,Civil Servant,7090.32,3.230172,101.62277,BR016,2022-11-12
CUST01661,Alya Yusof,901015-14-5859,jessica12@example.net,+6013-3140084,Nurse,7913.76,3.018097,101.57466,BR007,2025-07-29
CUST01662,Siti Rahman,860808-03-2709,melissa32@example.com,+6015-5837150,Doctor,8195.4,3.159633,101.633776,BR006,2023-04-24
CUST01663,Siti Bakar,631030-06-3252,rachel20@example.net,+6013-9909616,Retail Manager,11602.05,3.230188,101.790709,BR014,2021-03-29
CUST01664,Farah Ibrahim,720313-03-9411,terriibarra@example.org,+6018-9830779,Nurse,13403.01,3.219651,101.745949,BR015,2023-04-16
CUST01665,Kavitha a/l Muthu,980224-10-2104,tara90@example.com,+6016-9760333,Software Engineer,16775.45,3.010102,101.846801,BR011,2025-03-24
CUST01666,Suresh a/l Naidu,790215-09-7412,fuentesashley@example.com,+6010-6445335,Doctor,6053.38,2.905377,101.782019,BR012,2024-11-06
CUST01667,Haziq Hassan,811004-15-3525,karirowe@example.org,+6013-7626521,Engineer,2738.66,3.196421,101.756613,BR001,2019-07-17
CUST01668,Jia Hao Ong,920421-11-6838,whenry@example.net,+6015-8543348,Freelancer,11966.53,2.88156,101.605486,BR013,2019-01-26
CUST01669,Vikram a/l Krishnan,791027-16-6768,stephen54@example.net,+6011-3888162,Business Owner,5461.09,3.020301,101.769609,BR011,2019-11-01
CUST01670,Kavitha a/l Krishnan,810522-05-5770,rrodriguez@example.net,+6010-6996400,Teacher,3329.45,2.980716,101.832705,BR017,2023-10-12
CUST01671,Haziq Yusof,560713-16-5851,qchase@example.org,+6010-3411226,Engineer,14351.4,2.995955,101.652221,BR010,2020-01-25
CUST01672,Wei Ling Goh,570115-02-2040,vhoward@example.org,+6017-1333528,Accountant,4659.54,3.109678,101.558799,BR008,2018-06-08
CUST01673,Haziq Hassan,030328-02-6452,sheppardnatalie@example.net,+6010-9970343,Accountant,18471.8,2.965158,101.788185,BR017,2021-12-11
CUST01674,Nur Yusof,010211-03-8792,josephshelton@example.com,+6019-9133442,Consultant,7374.44,3.166968,101.70321,BR001,2020-05-28
CUST01675,Alya Yusof,760512-04-4436,kyle09@example.net,+6015-7530373,Lawyer,3040.6,3.046077,101.794344,BR011,2023-07-07
CUST01676,Zhi Hao Chong,970316-01-6273,hamiltonspencer@example.com,+6017-4737494,Lawyer,12041.39,2.948521,101.654912,BR013,2019-05-19
CUST01677,Kumar a/p Raman,031221-09-5428,jho@example.com,+6012-1743148,Engineer,18936.17,3.150164,101.756707,BR014,2023-04-22
CUST01678,Farah Yusof,810827-05-1669,cindy24@example.com,+6013-2616804,Lawyer,13653.98,3.15451,101.754892,BR001,2019-05-19
CUST01679,Cheng Wei Chong,950627-10-2092,chavezjeff@example.net,+6018-8136368,Retail Manager,3034.61,2.965361,101.737537,BR012,2017-09-23
CUST01680,Ahmad Ismail,791201-13-9426,jordandonna@example.org,+6014-2778740,Lawyer,3340.57,3.024095,101.789914,BR011,2016-12-29
CUST01681,Wei Ling Chong,620520-09-3715,kristen88@example.org,+6017-8046262,Consultant,7748.32,3.304175,101.591826,BR018,2026-01-12
CUST01682,Nabila Abdullah,910227-07-2416,wendygonzalez@example.net,+6015-2548079,Engineer,7627.33,2.910798,101.699071,BR013,2025-09-05
CUST01683,Naveen a/p Raman,700113-12-6568,kennedymichael@example.net,+6019-6241357,Civil Servant,6578.02,3.052056,101.666867,BR010,2022-11-13
CUST01684,Nur Ismail,760816-16-2950,orozcosamantha@example.net,+6017-9432009,Lawyer,5030.27,3.217317,101.68611,BR015,2019-08-09
CUST01685,Shalini a/l Muthu,830910-14-6183,linda23@example.com,+6014-8516545,Software Engineer,6432.66,3.151533,101.708282,BR002,2017-11-07
CUST01686,Anitha a/p Govindasamy,830318-14-9133,kevin49@example.net,+6015-6265940,Accountant,17822.52,2.998479,101.482089,BR009,2021-02-08
CUST01687,Shalini a/p Govindasamy,640830-15-9424,hdavis@example.com,+6011-6918034,Lawyer,8696.94,3.16608,101.702294,BR002,2023-06-09
CUST01688,Kai Xuan Goh,800908-07-9282,taylor67@example.com,+6014-9585344,Architect,3322.05,2.88537,101.696978,BR013,2026-02-10
CUST01689,Kavitha a/p Suppiah,780724-04-3955,bernardrobert@example.org,+6011-1467368,Freelancer,14566.18,3.069564,101.755776,BR003,2022-08-25
CUST01690,Siti Ibrahim,700813-01-9002,bettywatson@example.net,+6010-7740917,Civil Servant,3930.54,3.149861,101.715968,BR004,2021-12-05
CUST01691,Aina Ismail,831011-05-7350,brian62@example.com,+6018-4874996,Accountant,6972.54,3.071251,101.474092,BR008,2023-03-13
CUST01692,Suresh a/l Naidu,780821-11-1724,fcombs@example.org,+6016-9234757,Sales Executive,18347.03,3.238548,101.688944,BR015,2019-03-13
CUST01693,Nur Kamal,041021-16-8245,cookconnor@example.com,+6013-2703916,Engineer,2841.62,2.936696,101.724915,BR012,2022-02-24
CUST01694,Farah Kamal,900110-11-8208,martinezbrenda@example.net,+6010-6997458,Nurse,15414.41,3.007384,101.810196,BR011,2023-11-21
CUST01695,Deepa a/l Naidu,580223-02-6098,zacharyhart@example.com,+6015-9541294,Doctor,7901.51,3.067701,101.417864,BR009,2017-11-10
CUST01696,Wei Ling Lim,000401-11-1806,kevincollins@example.org,+6013-7720891,Doctor,4898.41,3.154458,101.70136,BR005,2024-07-20
CUST01697,Shalini a/l Muthu,860905-15-8313,dannysmith@example.net,+6018-1896520,Consultant,19682.27,3.137949,101.663195,BR002,2025-04-18
CUST01698,Kai Xuan Ong,810627-16-5807,jameswells@example.net,+6010-4890678,Consultant,7039.7,2.927205,101.832339,BR017,2020-12-07
CUST01699,Muhammad Ibrahim,580412-16-4582,evanstimothy@example.org,+6017-9489806,Freelancer,4916.59,3.104012,101.599325,BR007,2024-09-12
CUST01700,Cheng Wei Lee,970801-13-4414,lorraine79@example.org,+6010-3293531,Lawyer,12419.47,3.124873,101.607802,BR005,2020-10-26
CUST01701,Suresh a/p Govindasamy,870422-06-5916,donaldgarner@example.org,+6011-7306811,Consultant,14599.88,3.189614,101.588653,BR006,2018-03-15
CUST01702,Suresh a/l Naidu,920731-01-8644,thomasroberts@example.net,+6013-6031337,Business Owner,7462.96,3.082281,101.555847,BR008,2017-06-30
CUST01703,Nabila Rahman,841207-10-2348,elizabeth66@example.net,+6017-5491844,Retail Manager,4363.78,2.942371,101.795189,BR012,2024-06-29
CUST01704,Wei Ling Chong,780911-03-9415,shernandez@example.com,+6011-7786207,Lawyer,3603.62,3.206365,101.761576,BR001,2017-09-11
CUST01705,Danish Yusof,741220-02-5180,austin97@example.org,+6018-4412412,Retail Manager,3473.71,3.063024,101.431245,BR009,2025-07-30
CUST01706,Ravi a/l Naidu,730326-08-4297,taylorsharp@example.com,+6010-3542799,Civil Servant,19630.93,2.898448,101.673112,BR013,2016-08-02
CUST01707,Zulaikha Ibrahim,630531-14-7178,michaelmccarthy@example.com,+6017-8712145,Teacher,5821.44,3.094549,101.672113,BR006,2021-08-17
CUST01708,Ahmad Ismail,640321-09-3849,michaelball@example.com,+6010-3255315,Engineer,4198.06,3.01976,101.839602,BR011,2021-02-02
CUST01709,Jun Wei Teh,980606-07-8171,joshuafarmer@example.com,+6016-4702852,Civil Servant,6660.19,3.267729,101.626638,BR018,2025-09-24
CUST01710,Jun Wei Lim,581127-13-2970,ebennett@example.net,+6014-5928570,Software Engineer,5239.51,2.955232,101.762815,BR011,2023-02-01
CUST01711,Aina Yusof,840419-10-3295,david59@example.net,+6016-1881584,Teacher,5362.17,2.965404,101.647639,BR013,2019-12-23
CUST01712,Muhammad Kamal,860515-12-3587,bjones@example.net,+6012-9153183,Freelancer,3377.34,2.963854,101.672708,BR013,2018-02-01
CUST01713,Jun Wei Tan,600428-11-1040,portererin@example.com,+6012-6612357,Sales Executive,7027.02,3.127233,101.756643,BR001,2024-02-04
CUST01714,Xin Yi Goh,040725-08-1013,danielgilmore@example.net,+6014-8865527,Engineer,5316.99,2.919258,101.615745,BR013,2025-06-03
CUST01715,Yi Xuan Lim,930415-07-3438,dnielsen@example.net,+6015-2556841,Teacher,13495.86,2.936277,101.760005,BR012,2019-01-01
CUST01716,Jun Wei Chong,570514-01-5743,alexandernicholas@example.net,+6010-6406133,Business Owner,2987.72,3.009514,101.632221,BR007,2024-11-26
CUST01717,Deepa a/l Muthu,010903-02-2636,daniel76@example.org,+6018-9060164,Accountant,2671.55,2.982607,101.843658,BR017,2026-05-21
CUST01718,Aiman Hassan,840308-04-1242,jameshenry@example.net,+6017-2302184,Doctor,16056.66,3.202087,101.718407,BR014,2019-05-11
CUST01719,Anitha a/p Suppiah,650722-02-7660,ryanrice@example.org,+6018-1038580,Nurse,4227.45,2.981778,101.651108,BR010,2017-05-10
CUST01720,Priya a/l Krishnan,560915-01-7623,harrislisa@example.org,+6010-1885733,Nurse,5147.57,3.01022,101.476053,BR009,2020-02-03
CUST01721,Anitha a/p Govindasamy,751124-05-3755,petersonfaith@example.net,+6014-2603506,Teacher,5036.91,3.176849,101.763833,BR001,2022-12-02
CUST01722,Muhammad Kamal,800421-05-1312,ashleywells@example.com,+6011-7741007,Civil Servant,4285.67,3.080932,101.773986,BR003,2020-01-23
CUST01723,Siti Ismail,000626-08-3137,lauriegonzales@example.net,+6012-3954480,Software Engineer,8330.38,2.994885,101.507249,BR009,2020-04-03
CUST01724,Shalini a/l Muthu,590115-10-4425,martinezzachary@example.org,+6013-2694981,Accountant,5110.08,3.065556,101.70726,BR003,2017-09-03
CUST01725,Danish Hassan,670109-11-7745,andrew44@example.com,+6014-6591117,Nurse,5149.85,3.108244,101.635282,BR006,2023-07-13
CUST01726,Kavitha a/p Suppiah,581123-14-8035,tammyjones@example.net,+6013-5489963,Nurse,7053.89,3.122577,101.722115,BR001,2018-11-28
CUST01727,Amir Bakar,810520-08-5533,reginald08@example.net,+6019-7048575,Nurse,3743.66,3.216825,101.626331,BR016,2025-05-31
CUST01728,Mei Chen Ong,840820-03-5382,denise05@example.com,+6017-7544569,Nurse,3239.46,2.907346,101.634846,BR013,2019-02-07
CUST01729,Vikram a/p Suppiah,720322-12-4590,tayloramy@example.net,+6013-7783360,Consultant,5798.05,2.979222,101.614872,BR010,2019-10-17
CUST01730,Yi Xuan Ong,930513-14-3085,youngcharles@example.net,+6019-6688883,Retail Manager,18529.16,3.011146,101.767043,BR011,2025-07-16
CUST01731,Cheng Wei Teh,900826-03-3566,reedchad@example.com,+6017-8018710,Accountant,6414.68,3.085442,101.62103,BR005,2022-06-24
CUST01732,Iskandar Yusof,860212-14-5036,claytimothy@example.org,+6019-1438459,Civil Servant,5876.54,3.209346,101.729427,BR014,2019-03-15
CUST01733,Kavitha a/l Naidu,570801-03-7803,crawfordjeffrey@example.com,+6011-6947265,Consultant,7812.19,3.085831,101.550185,BR008,2020-10-23
CUST01734,Deepa a/p Govindasamy,700901-16-4411,andrewbrown@example.org,+6017-3194438,Civil Servant,2617.86,3.148501,101.689225,BR015,2021-11-02
CUST01735,Aiman Ibrahim,980706-01-3292,tranbrett@example.com,+6016-5615386,Lawyer,4961.35,3.252914,101.630965,BR016,2023-06-14
CUST01736,Zhi Hao Teh,761224-06-6297,hdunn@example.com,+6014-3418432,Retail Manager,9973.37,3.052494,101.611012,BR010,2017-09-04
CUST01737,Kai Xuan Ong,860412-04-8536,michael56@example.org,+6012-6042815,Software Engineer,11147.17,3.101798,101.546289,BR007,2018-11-17
CUST01738,Iskandar Rahman,600205-13-5786,perezjulie@example.net,+6019-8720280,Teacher,6080.24,3.151355,101.648458,BR006,2022-03-06
CUST01739,Naveen a/p Raman,050116-02-2718,marksjohn@example.org,+6016-2802479,Nurse,7206.75,3.038174,101.597681,BR007,2017-04-05
CUST01740,Deepa a/l Naidu,611031-03-4189,justinedwards@example.net,+6013-4886002,Business Owner,5254.05,3.069914,101.386906,BR009,2023-01-18
CUST01741,Zhi Hao Ng,670916-09-2451,david67@example.net,+6010-2193846,Consultant,6601.73,3.349345,101.548926,BR018,2017-09-20
CUST01742,Priya a/l Muthu,590503-03-1408,shawna37@example.net,+6010-6226950,Freelancer,4297.92,2.868373,101.628612,BR013,2023-11-06
CUST01743,Naveen a/p Suppiah,730506-02-2185,scottturner@example.com,+6019-1663631,Accountant,3083.96,3.250136,101.717357,BR014,2024-04-19
CUST01744,Hui Min Chong,700217-02-4432,alisonadams@example.net,+6015-4313194,Teacher,14785.69,3.027686,101.667094,BR010,2021-11-28
CUST01745,Aina Rahman,600918-03-6307,rachel97@example.com,+6017-2658965,Consultant,3903.78,3.10219,101.570286,BR007,2017-04-12
CUST01746,Danish Rahman,010205-05-5971,kevintran@example.org,+6017-1072278,Nurse,4441.3,3.067978,101.658138,BR010,2020-03-21
CUST01747,Jia Hao Lim,960425-10-6195,barryyoung@example.com,+6012-9129884,Retail Manager,7753.03,3.144098,101.636193,BR005,2022-12-30
CUST01748,Hui Min Chong,780309-07-2175,smithmary@example.com,+6013-2336994,Software Engineer,4335.94,3.190388,101.625478,BR016,2019-04-11
CUST01749,Vikram a/l Muthu,740915-04-6707,brownmelissa@example.com,+6014-1803379,Teacher,4788.4,2.986151,101.636077,BR010,2021-06-13
CUST01750,Amir Ibrahim,980820-09-6642,owallace@example.org,+6015-3805497,Sales Executive,2851.0,3.12395,101.611249,BR006,2020-04-15
CUST01751,Siti Kamal,880629-15-9893,guerreroanthony@example.com,+6019-5629123,Doctor,13111.03,3.020447,101.657109,BR010,2025-11-13
CUST01752,Hui Min Teh,001231-04-6582,sandra49@example.org,+6016-8573532,Sales Executive,7709.55,3.125317,101.459496,BR008,2024-01-26
CUST01753,Suresh a/p Raman,720717-15-3556,yglenn@example.net,+6016-7781473,Nurse,5765.69,3.130406,101.65121,BR006,2025-10-13
CUST01754,Wei Ling Chan,930212-09-2822,transtephanie@example.net,+6013-1085457,Consultant,3256.15,3.175558,101.659181,BR001,2019-05-15
CUST01755,Wei Ling Goh,050115-01-1056,ucoleman@example.net,+6016-7864868,Doctor,3699.01,3.223057,101.671345,BR015,2024-03-09
CUST01756,Mei Chen Goh,680702-07-9216,pmcdonald@example.org,+6011-3042032,Sales Executive,4240.36,3.054079,101.62969,BR005,2025-07-28
CUST01757,Ravi a/p Raman,690713-09-8717,christopher38@example.com,+6015-3609606,Doctor,7999.73,3.142061,101.595836,BR006,2019-11-15
CUST01758,Ahmad Yusof,750324-09-8411,michael49@example.org,+6019-2943171,Accountant,3246.05,3.057464,101.775591,BR003,2017-09-27
CUST01759,Wei Ling Chong,831202-15-3385,mary27@example.com,+6012-9902202,Lawyer,7389.75,3.037098,101.620269,BR007,2016-09-01
CUST01760,Jia Hao Chong,551210-15-9588,churchtimothy@example.net,+6013-1490073,Nurse,4560.18,3.209411,101.522492,BR016,2018-09-03
CUST01761,Zulaikha Yusof,580604-11-3068,hillcheryl@example.com,+6018-2604018,Freelancer,6143.36,2.965271,101.734251,BR011,2026-01-11
CUST01762,Mei Chen Goh,770708-08-1369,katie44@example.com,+6016-4724760,Engineer,14710.94,3.093896,101.688795,BR002,2017-10-07
CUST01763,Iskandar Hassan,870105-05-2594,monicadouglas@example.org,+6013-8459700,Business Owner,7663.51,3.199304,101.755632,BR015,2017-08-22
CUST01764,Shalini a/l Muthu,570603-12-9077,criley@example.net,+6015-6134852,Retail Manager,11339.09,3.027081,101.794006,BR011,2023-09-02
CUST01765,Kumar a/p Suppiah,580715-10-6886,theresa05@example.net,+6012-9721164,Lawyer,12527.15,3.211283,101.672686,BR014,2023-09-06
CUST01766,Amir Kamal,850711-09-7082,daniel87@example.org,+6017-1725300,Teacher,3298.15,3.199743,101.695903,BR014,2021-08-09
CUST01767,Hui Min Lim,670506-05-6860,ashley61@example.net,+6013-1343860,Doctor,12781.62,3.031386,101.624816,BR010,2020-10-04
CUST01768,Iskandar Ibrahim,690825-16-3954,nguyenkristin@example.com,+6015-1153516,Doctor,5144.65,2.996965,101.613251,BR010,2026-04-01
CUST01769,Nur Yusof,000514-03-8444,thomas49@example.org,+6012-6164265,Teacher,5697.03,2.896161,101.784558,BR017,2018-02-05
CUST01770,Priya a/l Krishnan,570922-01-7294,rhondajohnson@example.net,+6012-9371621,Lawyer,4552.31,3.29999,101.571188,BR018,2018-08-11
CUST01771,Wei Ling Wong,710225-11-5769,shelby69@example.org,+6015-4041426,Accountant,4196.65,3.026605,101.540398,BR007,2023-01-25
CUST01772,Vikram a/p Raman,621231-05-8128,friedmansusan@example.org,+6016-4084004,Retail Manager,4817.26,3.105166,101.722747,BR002,2022-02-24
CUST01773,Mei Chen Teh,050522-03-7672,hryan@example.net,+6017-3966773,Teacher,5342.58,3.142891,101.58177,BR005,2024-06-23
CUST01774,Jun Wei Wong,851107-13-4625,mstewart@example.net,+6012-6955093,Engineer,18068.02,3.24205,101.622213,BR016,2019-06-05
CUST01775,Hafiz Abdullah,670912-12-1124,laurenmadden@example.org,+6012-3537113,Software Engineer,8584.99,3.02532,101.673312,BR010,2021-01-20
CUST01776,Iskandar Hassan,921127-16-2388,steelesean@example.com,+6019-2036734,Software Engineer,16504.8,3.043043,101.550618,BR007,2020-02-11
CUST01777,Yi Xuan Lim,730204-13-5600,melendezdenise@example.net,+6017-2073579,Doctor,3979.92,2.883054,101.698852,BR013,2018-10-19
CUST01778,Kavitha a/l Naidu,941024-12-4558,ashleyserrano@example.org,+6012-4931452,Teacher,13624.68,3.077776,101.614355,BR005,2025-10-02
CUST01779,Aiman Kamal,670929-08-8273,qcraig@example.org,+6010-2984236,Lawyer,10349.74,2.898557,101.685305,BR013,2022-07-21
CUST01780,Priya a/l Muthu,950416-14-8012,lee16@example.com,+6015-1980012,Sales Executive,6148.26,3.244247,101.712238,BR015,2021-07-18
CUST01781,Siti Abdullah,621201-11-8811,xchen@example.org,+6018-1921808,Civil Servant,3824.36,3.141813,101.663398,BR006,2025-06-30
CUST01782,Nur Rahman,990426-15-1393,jacksonrobert@example.net,+6016-9016545,Freelancer,3355.16,3.136894,101.777847,BR004,2023-08-11
CUST01783,Kavitha a/l Muthu,781228-05-7202,martinezaustin@example.com,+6018-5772847,Freelancer,3525.26,3.301904,101.53307,BR018,2016-09-25
CUST01784,Aiman Ismail,631104-08-8431,andersonmichelle@example.com,+6015-5121459,Lawyer,4004.68,2.988664,101.56048,BR010,2025-07-16
CUST01785,Priya a/p Raman,730319-13-7225,pterry@example.net,+6019-4501267,Nurse,7142.38,3.081317,101.621763,BR005,2019-06-06
CUST01786,Aina Hassan,720503-11-4445,brittany91@example.net,+6018-3339768,Software Engineer,2688.5,3.193866,101.589015,BR016,2016-12-12
CUST01787,Kai Xuan Lee,920607-15-4609,stephanie67@example.net,+6015-2067260,Engineer,5140.78,3.192524,101.689675,BR014,2024-11-04
CUST01788,Danish Hassan,691217-13-6144,ugraves@example.org,+6016-8872904,Civil Servant,6044.5,3.251968,101.563284,BR016,2023-09-25
CUST01789,Siti Yusof,841222-01-6027,hernandezalan@example.net,+6016-3316762,Sales Executive,9555.37,3.044404,101.659841,BR010,2020-03-12
CUST01790,Kai Xuan Ong,871220-05-1888,lflores@example.net,+6016-3120192,Engineer,13906.28,3.363858,101.621497,BR018,2023-09-21
CUST01791,Nabila Kamal,690617-07-5217,halltrevor@example.org,+6014-3323359,Teacher,13245.03,3.170212,101.722198,BR001,2022-02-19
CUST01792,Wei Ling Lee,000512-16-8560,ymitchell@example.com,+6018-1104897,Business Owner,7903.63,3.138373,101.615242,BR005,2024-01-26
CUST01793,Farah Rahman,030305-15-1396,cervantesjessica@example.net,+6013-4861750,Freelancer,11511.26,2.927139,101.86294,BR017,2018-08-08
CUST01794,Ravi a/p Raman,810614-05-1919,cory42@example.org,+6019-5525254,Sales Executive,13858.85,3.050722,101.614156,BR007,2019-05-17
CUST01795,Wei Ling Ong,791030-05-9523,nicoleroberts@example.com,+6016-4363181,Software Engineer,2725.65,3.046646,101.549866,BR007,2026-05-21
CUST01796,Alya Abdullah,930303-05-7352,elizabeththomas@example.org,+6014-4414838,Accountant,18189.38,2.927233,101.895959,BR017,2022-01-07
CUST01797,Vikram a/l Muthu,801206-13-9171,anthonyorr@example.net,+6011-4470291,Civil Servant,16126.14,2.913634,101.903402,BR017,2021-11-16
CUST01798,Yi Xuan Teh,650402-14-5586,bwall@example.com,+6019-1872391,Teacher,4234.17,3.055843,101.702315,BR005,2018-07-12
CUST01799,Deepa a/l Krishnan,020803-01-2268,hdennis@example.org,+6011-6566718,Business Owner,17445.0,3.164121,101.729972,BR002,2024-10-21
CUST01800,Kumar a/l Naidu,700330-02-5683,moransamantha@example.org,+6014-2143161,Software Engineer,5451.79,3.098377,101.674007,BR002,2020-12-09
CUST01801,Hui Min Chong,770209-07-9559,christopher24@example.net,+6011-5604346,Doctor,6170.59,3.127527,101.785941,BR003,2023-03-08
CUST01802,Kumar a/p Raman,031202-13-9459,garnerjeffrey@example.org,+6015-7399386,Business Owner,17787.7,3.142456,101.609658,BR002,2019-10-07
CUST01803,Wei Ling Lim,801106-04-7632,shawn81@example.net,+6019-9843526,Retail Manager,3617.51,3.091678,101.666297,BR002,2023-05-18
CUST01804,Jia Hao Lim,000210-14-2848,hamiltonsarah@example.net,+6011-8885674,Consultant,14949.71,2.917825,101.772179,BR012,2019-09-02
CUST01805,Deepa a/p Govindasamy,970727-02-6256,averycourtney@example.org,+6010-6584119,Doctor,12278.44,3.019925,101.530502,BR007,2017-11-12
CUST01806,Zulaikha Kamal,740422-12-5045,emilybaker@example.org,+6015-5016724,Accountant,3657.0,3.185413,101.755244,BR014,2021-05-04
CUST01807,Mei Chen Ong,641107-16-6491,mcampbell@example.net,+6018-1726694,Teacher,6387.99,2.938539,101.604896,BR013,2025-04-03
CUST01808,Hui Min Chan,030115-07-1105,aaronjones@example.net,+6012-9647622,Sales Executive,7653.33,3.003111,101.632237,BR007,2022-08-10
CUST01809,Yi Xuan Teh,901230-11-2140,barnesjose@example.com,+6015-2027269,Nurse,7561.76,3.351134,101.541451,BR018,2022-10-22
CUST01810,Jia Hao Wong,670326-07-1125,todd24@example.org,+6018-8917191,Nurse,4272.0,3.190742,101.707466,BR001,2025-03-31
CUST01811,Ravi a/p Suppiah,881123-04-2980,zrobles@example.net,+6018-5907158,Nurse,13768.78,3.199964,101.632979,BR016,2020-01-25
CUST01812,Zhi Hao Tan,790718-05-2199,robinsonsydney@example.com,+6010-3374916,Retail Manager,4992.84,3.075878,101.722213,BR002,2020-09-09
CUST01813,Zhi Hao Tan,771108-15-8694,elainewilson@example.com,+6011-8167112,Teacher,6538.97,2.941923,101.784017,BR012,2026-01-22
CUST01814,Jun Wei Ong,880711-15-7663,heidi27@example.com,+6014-1682697,Lawyer,3718.8,2.945493,101.773861,BR012,2022-07-04
CUST01815,Aiman Yusof,891109-05-3645,carterwilliam@example.com,+6014-3322128,Freelancer,6994.26,3.105734,101.738426,BR001,2017-02-07
CUST01816,Deepa a/p Govindasamy,940201-03-5233,emily66@example.com,+6013-1222888,Architect,2542.5,3.095696,101.571239,BR006,2020-09-30
CUST01817,Wei Ling Lim,680713-04-2353,adamsjessica@example.com,+6015-1623137,Retail Manager,3904.2,2.992326,101.805067,BR011,2022-11-10
CUST01818,Wei Ling Tan,571011-07-5286,kortiz@example.org,+6017-6641575,Lawyer,3411.43,2.899181,101.830996,BR017,2021-11-09
CUST01819,Xin Yi Goh,940622-03-4062,gouldchristina@example.com,+6011-5759495,Lawyer,6495.47,2.972806,101.825569,BR017,2017-10-15
CUST01820,Haziq Ibrahim,820626-08-3552,langchristopher@example.net,+6010-4484098,Teacher,16312.08,2.959469,101.678374,BR013,2019-10-30
CUST01821,Yi Xuan Chong,730217-13-9826,penaapril@example.com,+6015-5426997,Consultant,7655.75,3.137428,101.596295,BR005,2021-11-07
CUST01822,Ravi a/l Krishnan,041004-05-1340,oheath@example.com,+6018-7561954,Freelancer,2599.26,3.108105,101.653069,BR001,2024-07-05
CUST01823,Jia Hao Teh,010111-07-3346,robert83@example.org,+6017-2921689,Civil Servant,8684.24,3.16433,101.691225,BR001,2016-11-08
CUST01824,Deepa a/p Raman,560630-07-7248,masonlacey@example.org,+6019-4368402,Engineer,2525.73,3.036192,101.830771,BR011,2018-01-24
CUST01825,Kumar a/l Naidu,700727-04-1058,crystalwatts@example.org,+6014-9920353,Software Engineer,6752.94,3.026377,101.511381,BR008,2019-03-22
CUST01826,Suresh a/l Muthu,610905-06-1828,irios@example.net,+6019-4860691,Software Engineer,6971.97,2.99783,101.843129,BR011,2025-04-06
CUST01827,Jia Hao Wong,980806-01-9386,jonesjennifer@example.net,+6011-3354355,Nurse,8801.36,3.192631,101.733648,BR014,2020-08-25
CUST01828,Cheng Wei Ng,560326-08-2206,codychapman@example.com,+6011-1609614,Sales Executive,16092.12,3.230492,101.76804,BR015,2018-06-09
CUST01829,Ahmad Ibrahim,851012-10-3285,kristen68@example.net,+6011-3093662,Retail Manager,6835.43,3.249772,101.593357,BR016,2016-09-23
CUST01830,Kai Xuan Tan,690313-16-2610,corycosta@example.net,+6018-9308741,Architect,15898.42,3.138488,101.760218,BR004,2021-03-18
CUST01831,Amir Hassan,700121-12-1402,walkerrichard@example.com,+6011-7652371,Engineer,4064.63,3.208938,101.780444,BR014,2021-04-30
CUST01832,Ravi a/p Raman,001117-01-4190,patrickkaiser@example.net,+6017-7661931,Teacher,4399.2,3.196776,101.722342,BR014,2020-06-06
CUST01833,Shalini a/p Govindasamy,740218-10-4962,chavezbecky@example.org,+6015-9983538,Teacher,5694.89,3.368036,101.513631,BR018,2020-06-20
CUST01834,Amir Kamal,670207-07-7051,thomas14@example.com,+6018-1413335,Sales Executive,4753.54,3.190347,101.520481,BR016,2017-12-07
CUST01835,Danish Bakar,861229-11-8910,davisgary@example.com,+6018-4162018,Lawyer,7380.38,3.191072,101.797287,BR004,2022-06-06
CUST01836,Kai Xuan Lim,590910-04-6052,ejensen@example.net,+6018-8189549,Software Engineer,2612.16,3.321054,101.523638,BR018,2023-09-23
CUST01837,Shalini a/p Raman,831030-06-9566,briansnyder@example.com,+6017-9242231,Sales Executive,15517.51,3.02001,101.471145,BR009,2019-08-11
CUST01838,Danish Ismail,720522-05-6568,benjaminbarker@example.net,+6010-2070518,Freelancer,7424.65,3.004594,101.535028,BR007,2020-07-24
CUST01839,Zulaikha Abdullah,551010-05-3968,karinorton@example.net,+6012-4809467,Consultant,17850.08,2.938767,101.668562,BR013,2021-06-29
CUST01840,Kumar a/p Suppiah,030621-16-4204,marcfletcher@example.net,+6010-3283404,Engineer,12618.74,3.177777,101.561861,BR006,2022-01-16
CUST01841,Mei Chen Ng,920624-10-1407,morseronald@example.org,+6015-9301670,Engineer,7323.66,3.178241,101.717475,BR015,2020-04-02
CUST01842,Jun Wei Chong,930505-09-1814,aprilmartinez@example.org,+6016-9270275,Engineer,6760.79,3.223375,101.780728,BR014,2020-11-14
CUST01843,Aiman Kamal,040204-14-6798,mccluretyler@example.net,+6018-4332402,Freelancer,5436.84,3.083591,101.763524,BR003,2024-07-11
CUST01844,Deepa a/p Govindasamy,791109-06-7823,sross@example.org,+6017-4621098,Civil Servant,4457.27,2.932847,101.842002,BR012,2020-11-06
CUST01845,Ahmad Bakar,700317-10-4992,alexandra95@example.net,+6012-7853714,Engineer,15882.65,3.188697,101.576554,BR016,2022-12-31
CUST01846,Xin Yi Wong,620728-02-6833,leahcrane@example.com,+6010-6127143,Sales Executive,16648.77,3.25781,101.753348,BR014,2021-09-09
CUST01847,Hafiz Yusof,680122-01-1837,vclark@example.net,+6017-4306348,Business Owner,2844.43,2.917352,101.685167,BR013,2023-09-12
CUST01848,Kumar a/p Govindasamy,980212-16-3324,frankespinoza@example.com,+6019-6280331,Business Owner,16003.45,3.187253,101.773428,BR015,2016-08-04
CUST01849,Nur Abdullah,760423-12-2801,thomasholder@example.org,+6015-1645109,Freelancer,6940.21,3.098836,101.723269,BR003,2019-08-13
CUST01850,Iskandar Ismail,641117-08-2060,medinamark@example.org,+6012-8784547,Lawyer,3029.65,3.273631,101.539909,BR018,2022-09-30
CUST01851,Danish Bakar,850321-04-2829,bellangie@example.org,+6012-5009764,Freelancer,3205.19,2.95938,101.824796,BR011,2019-12-12
CUST01852,Kai Xuan Lee,560315-14-7230,joshuahoover@example.com,+6012-6770456,Teacher,13950.92,3.227283,101.677175,BR015,2022-05-05
CUST01853,Hafiz Kamal,701013-09-8067,jvilla@example.net,+6010-2355962,Lawyer,4828.18,2.893674,101.843241,BR012,2022-11-29
CUST01854,Kai Xuan Chong,650816-14-3223,dakotarobinson@example.org,+6017-4128564,Doctor,5955.07,3.093693,101.543458,BR008,2019-02-15
CUST01855,Yi Xuan Lim,600811-16-7136,xrivera@example.net,+6016-3798207,Engineer,7590.4,3.14469,101.662394,BR005,2022-07-18
CUST01856,Hafiz Yusof,031031-15-7426,aclark@example.org,+6012-1236820,Lawyer,3742.87,2.90846,101.9032,BR017,2026-05-22
CUST01857,Vikram a/p Raman,600124-11-2208,douglasalvarez@example.org,+6016-9289149,Software Engineer,11959.16,3.189262,101.678271,BR001,2019-09-24
CUST01858,Naveen a/p Raman,000417-14-8220,taylorlindsay@example.com,+6013-2677020,Nurse,17379.74,3.152098,101.666932,BR005,2023-02-22
CUST01859,Naveen a/l Muthu,711107-03-5780,allenphillip@example.com,+6012-1959393,Nurse,7355.69,3.022125,101.662324,BR010,2023-07-23
CUST01860,Alya Ismail,730331-04-5035,alyssa93@example.org,+6014-3223226,Architect,3223.62,3.282441,101.604351,BR018,2025-12-13
CUST01861,Shalini a/l Muthu,970306-01-5673,marycastro@example.com,+6014-4256164,Teacher,3542.67,3.172304,101.735954,BR004,2023-06-13
CUST01862,Jun Wei Chong,680109-02-3568,grantryan@example.com,+6019-9116967,Architect,6748.81,3.118203,101.466276,BR008,2018-04-11
CUST01863,Iskandar Rahman,981021-11-2052,wtownsend@example.net,+6017-4584107,Consultant,13128.33,3.204347,101.70745,BR015,2020-09-26
CUST01864,Priya a/p Govindasamy,860506-05-3567,patrickwhite@example.net,+6011-5130309,Civil Servant,3634.4,3.15399,101.669639,BR002,2026-06-14
CUST01865,Kavitha a/p Suppiah,650415-05-9418,alicia09@example.com,+6017-9175938,Software Engineer,18205.31,3.16156,101.520729,BR016,2019-10-12
CUST01866,Priya a/l Krishnan,010118-02-1169,wesley09@example.com,+6012-1098623,Nurse,4052.23,3.008752,101.556711,BR007,2016-10-30
CUST01867,Kavitha a/l Naidu,690330-10-6672,ssanders@example.net,+6010-3853821,Lawyer,3132.42,3.170844,101.70177,BR002,2019-01-10
CUST01868,Iskandar Abdullah,861005-07-5475,roysara@example.net,+6016-8704738,Freelancer,14437.63,2.991766,101.480807,BR009,2022-10-26
CUST01869,Nur Ibrahim,800105-08-3165,pbrady@example.net,+6017-3894458,Teacher,2596.94,3.318039,101.51916,BR018,2024-07-27
CUST01870,Yi Xuan Tan,570528-01-2614,salazarjennifer@example.net,+6013-9982809,Freelancer,3593.81,3.153618,101.71922,BR004,2023-11-10
CUST01871,Deepa a/p Govindasamy,990116-04-7735,christopherflowers@example.org,+6013-7968180,Consultant,16120.84,3.148541,101.765637,BR003,2017-01-20
CUST01872,Iskandar Bakar,870516-15-9360,edwardsmichaela@example.com,+6019-6138132,Freelancer,3472.18,3.09906,101.5311,BR008,2026-05-01
CUST01873,Mei Chen Lim,650316-02-8764,cookemily@example.com,+6010-8663027,Teacher,3367.4,3.066386,101.395182,BR009,2025-06-22
CUST01874,Naveen a/l Naidu,631216-01-9668,zachary66@example.net,+6015-2357729,Engineer,17041.7,2.950311,101.751786,BR011,2023-03-12
CUST01875,Xin Yi Chong,580929-16-3322,jessicamiller@example.com,+6019-7634179,Sales Executive,7379.46,3.091899,101.435483,BR009,2016-12-09
CUST01876,Cheng Wei Lim,851203-04-9208,vthompson@example.org,+6018-7967136,Engineer,5989.8,3.066726,101.547961,BR008,2019-08-10
CUST01877,Siti Ibrahim,830711-08-1413,petersonashley@example.net,+6015-7097786,Architect,14533.65,2.967102,101.648435,BR013,2017-05-10
CUST01878,Xin Yi Tan,020104-10-7238,wilsonchristopher@example.net,+6011-6065476,Business Owner,7600.11,3.160804,101.587477,BR006,2017-05-11
CUST01879,Nabila Hassan,710516-03-8488,wangkristina@example.org,+6016-2623402,Freelancer,3096.38,3.135939,101.734224,BR001,2022-11-16
CUST01880,Hui Min Wong,780707-14-4394,kylebecker@example.org,+6016-5394487,Architect,11758.32,3.159615,101.82364,BR004,2023-12-21
CUST01881,Vikram a/l Naidu,920527-07-7183,brian42@example.com,+6018-4881016,Software Engineer,13837.06,2.993202,101.897073,BR017,2017-11-24
CUST01882,Deepa a/p Suppiah,710410-12-3967,marynelson@example.org,+6012-2906140,Freelancer,6188.94,3.093851,101.465547,BR008,2018-04-07
CUST01883,Deepa a/l Krishnan,700330-13-3378,fbaker@example.com,+6019-2580209,Teacher,5096.19,3.057968,101.714361,BR003,2022-04-13
CUST01884,Jia Hao Goh,721209-15-7561,rgallegos@example.org,+6010-9060755,Sales Executive,16749.18,3.004854,101.589685,BR007,2016-11-11
CUST01885,Suresh a/l Naidu,970326-15-1931,kmoore@example.org,+6015-3704989,Consultant,9324.55,3.245937,101.590462,BR016,2026-06-08
CUST01886,Kai Xuan Ong,770310-04-1154,jared88@example.net,+6016-2291333,Architect,18249.87,2.917914,101.735179,BR012,2024-06-09
CUST01887,Yi Xuan Wong,600113-04-3755,jonathanmcdonald@example.org,+6019-8734268,Sales Executive,6070.21,3.202014,101.724302,BR004,2025-09-18
CUST01888,Amir Yusof,810507-03-2452,thomasmcdonald@example.com,+6019-4544340,Doctor,15779.24,3.173605,101.781425,BR014,2020-03-20
CUST01889,Amir Ismail,740523-01-9185,morrisdaniel@example.com,+6011-8147400,Architect,3196.12,3.087252,101.634191,BR002,2025-03-10
CUST01890,Zhi Hao Wong,551122-08-2259,valvarez@example.net,+6017-9839636,Sales Executive,4628.21,3.249605,101.767405,BR014,2025-07-11
CUST01891,Shalini a/l Muthu,641107-12-5847,kevin78@example.org,+6015-9655173,Engineer,3165.82,3.070729,101.47618,BR008,2024-01-07
CUST01892,Shalini a/l Naidu,770612-16-5562,swatkins@example.com,+6013-3585824,Nurse,4321.55,3.345446,101.529092,BR018,2023-10-22
CUST01893,Xin Yi Lim,790305-03-5162,johnnybrooks@example.com,+6017-8062735,Nurse,4309.21,3.116829,101.670842,BR006,2021-04-27
CUST01894,Deepa a/p Suppiah,750722-08-5278,arellanonatalie@example.net,+6015-5332011,Teacher,7031.65,3.088083,101.67628,BR002,2017-07-28
CUST01895,Muhammad Kamal,761016-08-1142,stephanie69@example.org,+6017-7709927,Doctor,3822.96,2.890773,101.599674,BR013,2018-02-19
CUST01896,Shalini a/p Suppiah,631025-15-3221,olivia83@example.net,+6014-1538723,Doctor,18394.92,3.00702,101.654536,BR010,2024-01-06
CUST01897,Aina Bakar,611228-03-7857,kristina01@example.com,+6016-9526554,Teacher,5221.69,3.038173,101.641129,BR007,2024-06-04
CUST01898,Haziq Ibrahim,620727-04-8845,stephen27@example.org,+6013-5928043,Software Engineer,3912.69,3.142058,101.745487,BR015,2023-01-30
CUST01899,Ravi a/p Govindasamy,650708-08-2004,kevinmiller@example.org,+6016-5121047,Nurse,3967.04,3.001014,101.460174,BR009,2025-01-27
CUST01900,Haziq Rahman,770428-09-3544,ericpeters@example.com,+6010-3639759,Retail Manager,3059.02,2.999218,101.57659,BR010,2016-07-18
CUST01901,Shalini a/l Krishnan,630618-03-2933,ruizgloria@example.net,+6018-8143682,Freelancer,2630.25,3.183417,101.746636,BR015,2018-08-15
CUST01902,Shalini a/l Krishnan,790210-03-4154,tguerra@example.org,+6017-1653160,Sales Executive,6727.01,3.128044,101.743339,BR004,2024-02-16
CUST01903,Iskandar Abdullah,600415-03-2156,lucasmcconnell@example.com,+6010-4349302,Sales Executive,10174.86,2.993948,101.803059,BR017,2024-03-24
CUST01904,Ravi a/l Muthu,000525-13-8090,icarlson@example.org,+6019-8103918,Lawyer,2846.54,3.108093,101.608196,BR006,2019-12-19
CUST01905,Vikram a/l Muthu,881227-07-1266,walkercharlotte@example.org,+6019-4867069,Engineer,4087.98,3.000885,101.390871,BR009,2020-03-09
CUST01906,Wei Ling Ong,720627-07-5426,bishopkaren@example.org,+6016-4209740,Accountant,4111.91,3.22284,101.730957,BR014,2022-12-14
CUST01907,Aiman Hassan,620526-13-8146,bradleyturner@example.org,+6019-5268154,Retail Manager,6021.3,3.189346,101.635394,BR016,2019-11-22
CUST01908,Aiman Hassan,880313-05-6402,thernandez@example.com,+6015-1349361,Architect,17994.37,3.282537,101.632186,BR018,2023-04-01
CUST01909,Mei Chen Goh,790713-09-8857,susan62@example.org,+6010-5173142,Lawyer,7665.08,2.982885,101.904833,BR017,2020-06-23
CUST01910,Kai Xuan Wong,810513-16-7633,marshallchristopher@example.net,+6015-1751645,Business Owner,3415.81,3.004012,101.830078,BR011,2023-10-28
CUST01911,Danish Kamal,880416-15-4477,alara@example.org,+6014-5778183,Retail Manager,16003.54,3.005589,101.446588,BR009,2019-09-08
CUST01912,Yi Xuan Chan,840325-01-7694,aparks@example.com,+6011-8676852,Retail Manager,6748.67,3.329531,101.546006,BR018,2023-01-13
CUST01913,Kumar a/l Muthu,890102-03-1431,twise@example.com,+6013-9784541,Business Owner,7828.82,3.058005,101.496812,BR009,2019-01-30
CUST01914,Farah Ibrahim,870315-11-1000,xshaw@example.com,+6015-2284691,Doctor,3955.94,3.238897,101.569997,BR016,2023-08-14
CUST01915,Cheng Wei Ng,970915-06-4349,daniel26@example.net,+6014-4481057,Sales Executive,13219.25,3.051708,101.473558,BR009,2024-02-03
CUST01916,Wei Ling Ng,990105-11-7700,hernandezmatthew@example.net,+6016-4847454,Architect,17897.89,3.021151,101.726638,BR011,2022-05-25
CUST01917,Mei Chen Goh,650518-06-6425,dgraham@example.com,+6017-3086609,Business Owner,11965.26,3.157841,101.771064,BR014,2016-11-22
CUST01918,Hafiz Kamal,981122-13-5929,mrichardson@example.net,+6018-2196967,Freelancer,7145.57,3.195498,101.539022,BR016,2020-03-10
CUST01919,Deepa a/p Govindasamy,761012-13-4209,katie08@example.com,+6015-9592433,Sales Executive,2941.47,3.24296,101.775682,BR014,2018-04-13
CUST01920,Aina Ibrahim,730504-07-1025,griffinkenneth@example.org,+6014-9450936,Consultant,7672.93,2.948133,101.825931,BR011,2022-06-15
CUST01921,Kai Xuan Goh,730511-07-7345,schmidtrandy@example.org,+6015-7961771,Nurse,5180.06,2.949299,101.599178,BR013,2017-05-03
CUST01922,Xin Yi Wong,600323-13-5007,cynthiajordan@example.com,+6013-2760795,Doctor,7870.51,3.03441,101.480809,BR009,2019-12-13
CUST01923,Yi Xuan Lim,780526-02-8348,samanthaberger@example.net,+6013-3080909,Architect,7532.35,3.226442,101.61072,BR016,2024-09-13
CUST01924,Iskandar Ibrahim,831213-15-9817,jonesnathan@example.org,+6015-1690217,Doctor,18977.96,3.095205,101.697014,BR005,2022-08-03
CUST01925,Cheng Wei Ng,910908-09-5699,reyestina@example.org,+6013-5785863,Consultant,3504.87,3.253699,101.62529,BR016,2019-11-15
CUST01926,Cheng Wei Ng,870502-16-7378,roberto02@example.net,+6017-8044611,Doctor,3450.64,3.207879,101.747302,BR001,2019-01-24
CUST01927,Yi Xuan Chan,880221-12-4272,copelandryan@example.org,+6014-2480872,Teacher,3134.18,2.87075,101.798265,BR012,2024-06-07
CUST01928,Zulaikha Abdullah,840116-09-1548,christina83@example.net,+6016-7251201,Civil Servant,6271.84,3.144497,101.613993,BR002,2024-06-26
CUST01929,Suresh a/l Krishnan,740317-11-7924,blewis@example.com,+6015-5127225,Sales Executive,4407.66,3.076039,101.576148,BR008,2023-12-19
CUST01930,Yi Xuan Tan,940531-15-1473,walter09@example.com,+6019-2320054,Teacher,11691.98,3.197003,101.653375,BR001,2025-08-05
CUST01931,Yi Xuan Lim,890529-13-6150,adam30@example.com,+6011-2455652,Doctor,14028.59,3.118112,101.777361,BR003,2023-01-25
CUST01932,Xin Yi Ong,690327-16-8351,ogeorge@example.com,+6016-2560438,Doctor,14133.46,3.158316,101.758334,BR014,2017-06-19
CUST01933,Aiman Bakar,660926-13-9971,jeffrey94@example.net,+6012-1265461,Retail Manager,12849.39,3.193278,101.748369,BR014,2023-08-14
CUST01934,Anitha a/l Muthu,961105-06-4812,vwalters@example.net,+6013-1060547,Retail Manager,6965.3,2.965041,101.789069,BR017,2020-05-21
CUST01935,Farah Yusof,011228-14-3862,cooperluis@example.com,+6012-2125505,Business Owner,18508.05,3.222804,101.59568,BR016,2018-01-05
CUST01936,Yi Xuan Tan,980320-08-4493,sclark@example.org,+6018-2514792,Business Owner,7092.27,3.02023,101.612149,BR010,2023-03-24
CUST01937,Xin Yi Ng,680412-09-5620,guerreroashley@example.org,+6011-1279961,Retail Manager,16664.08,3.053534,101.619592,BR005,2022-10-23
CUST01938,Zhi Hao Chong,830725-14-7776,christopher85@example.com,+6014-9336608,Architect,5213.25,3.111329,101.77514,BR003,2019-06-01
CUST01939,Hafiz Hassan,710407-07-5383,njohnson@example.net,+6016-6339847,Doctor,19410.4,3.119127,101.713375,BR001,2018-03-01
CUST01940,Anitha a/p Govindasamy,730128-11-6631,wperry@example.org,+6019-1971163,Engineer,3654.67,3.156948,101.621612,BR006,2024-01-04
CUST01941,Hafiz Ibrahim,690909-04-7173,yfritz@example.net,+6017-6790854,Engineer,3741.67,2.978074,101.789767,BR011,2017-10-24
CUST01942,Deepa a/l Krishnan,851107-02-1909,davisjeffery@example.org,+6013-9940066,Teacher,4138.25,3.345846,101.585443,BR018,2022-03-15
CUST01943,Shalini a/p Raman,640605-12-8590,katiejoyce@example.com,+6013-1872786,Consultant,10080.67,3.066735,101.568369,BR010,2021-12-30
CUST01944,Mei Chen Chan,730205-10-7579,robertgreene@example.com,+6011-4299102,Accountant,2667.69,3.034559,101.646715,BR007,2024-03-14
CUST01945,Muhammad Kamal,870104-10-5863,wayne86@example.org,+6010-8546060,Architect,3565.65,3.023461,101.463049,BR008,2025-02-01
CUST01946,Vikram a/l Krishnan,800328-11-8481,cmitchell@example.org,+6016-8250423,Accountant,5568.99,3.296211,101.610096,BR018,2025-09-26
CUST01947,Danish Ismail,640517-09-6590,aaron57@example.net,+6012-1924028,Civil Servant,15417.48,3.109928,101.817155,BR004,2018-03-21
CUST01948,Ahmad Ibrahim,001110-13-2528,acarpenter@example.com,+6010-1987732,Engineer,16720.52,3.193859,101.793202,BR004,2020-08-06
CUST01949,Siti Yusof,870426-05-7838,dillonharvey@example.org,+6018-3113020,Nurse,13990.66,3.139739,101.593971,BR005,2022-06-29
CUST01950,Mei Chen Ong,920208-07-5439,nguyenjohn@example.net,+6017-2448717,Retail Manager,10764.73,2.970446,101.596878,BR013,2022-10-01
CUST01951,Anitha a/p Suppiah,890918-15-1805,andrew96@example.net,+6013-3649133,Nurse,7860.57,3.135415,101.647745,BR005,2021-08-10
CUST01952,Anitha a/l Naidu,650223-07-8587,stephensharp@example.org,+6011-3428469,Lawyer,10235.2,3.228707,101.549287,BR016,2018-04-01
CUST01953,Farah Abdullah,020510-13-1261,marcuscarter@example.org,+6016-1736818,Business Owner,3604.84,3.152006,101.697582,BR005,2018-07-26
CUST01954,Wei Ling Ong,780722-09-8391,gabrielawallace@example.org,+6016-6722127,Software Engineer,18447.5,2.953635,101.834674,BR012,2024-06-18
CUST01955,Shalini a/l Naidu,040220-09-4346,laramary@example.org,+6010-2573171,Civil Servant,3158.46,2.986143,101.845594,BR011,2018-12-11
CUST01956,Hafiz Bakar,910807-13-6694,smithantonio@example.net,+6016-4987189,Teacher,8629.6,2.950636,101.844714,BR017,2020-07-23
CUST01957,Haziq Ismail,810626-07-7261,eatkins@example.com,+6010-5688262,Architect,4161.42,3.199491,101.773484,BR001,2026-01-27
CUST01958,Shalini a/l Muthu,990831-04-5200,baldwincatherine@example.net,+6018-6413204,Retail Manager,5089.71,3.057666,101.548307,BR007,2023-08-24
CUST01959,Jia Hao Teh,770603-02-6925,carterraymond@example.net,+6013-6161099,Architect,2756.29,3.122712,101.800828,BR004,2024-03-08
CUST01960,Vikram a/p Suppiah,730831-11-4621,hpatterson@example.org,+6012-7607592,Architect,18374.38,3.071792,101.625336,BR007,2017-12-15
CUST01961,Hui Min Ong,680815-06-7022,bowenmichael@example.net,+6018-4113369,Consultant,9977.0,2.980127,101.807617,BR011,2019-11-23
CUST01962,Danish Rahman,010222-07-1683,gclark@example.com,+6016-9555595,Doctor,6373.12,2.91925,101.811404,BR017,2022-12-01
CUST01963,Yi Xuan Chan,590314-09-6307,wgoodwin@example.com,+6018-4671037,Architect,14894.39,2.897643,101.899854,BR017,2019-12-02
CUST01964,Kai Xuan Lee,891215-03-8824,kristin49@example.com,+6015-6781645,Freelancer,15542.1,3.078224,101.761119,BR003,2022-06-10
CUST01965,Shalini a/p Suppiah,930725-09-2425,aimeejohnson@example.com,+6011-5884394,Doctor,7605.63,3.048949,101.440139,BR009,2022-02-17
CUST01966,Kai Xuan Lim,910310-14-5213,shirley29@example.net,+6015-4758427,Business Owner,5744.57,3.180042,101.776936,BR004,2019-07-18
CUST01967,Vikram a/l Krishnan,910224-14-4892,eric22@example.net,+6010-1835847,Lawyer,4410.83,3.160741,101.754533,BR004,2019-06-02
CUST01968,Alya Rahman,740916-03-6362,anthonylewis@example.com,+6019-8975888,Freelancer,3778.6,2.952033,101.698279,BR013,2017-12-23
CUST01969,Suresh a/l Naidu,560206-06-8857,jennifer86@example.com,+6016-7882178,Doctor,6699.5,3.035652,101.605567,BR007,2022-09-06
CUST01970,Kumar a/l Muthu,640107-07-4220,dawn98@example.com,+6014-1084021,Teacher,10630.08,3.0006,101.815065,BR017,2021-09-23
CUST01971,Farah Ibrahim,740525-12-6346,hwong@example.com,+6014-5572892,Civil Servant,5707.68,2.973923,101.654136,BR013,2018-04-01
CUST01972,Zulaikha Ibrahim,000509-13-3257,barnettcalvin@example.org,+6017-3282255,Software Engineer,12741.05,3.241764,101.634429,BR016,2019-08-03
CUST01973,Jun Wei Teh,660917-12-7697,charlotte13@example.com,+6017-3576374,Engineer,3502.62,3.064823,101.767994,BR003,2021-06-26
CUST01974,Kai Xuan Wong,831220-16-8438,larsenmegan@example.net,+6015-6369138,Doctor,7699.65,3.29003,101.516012,BR018,2025-06-23
CUST01975,Zhi Hao Teh,920725-09-5727,elizabeth61@example.com,+6016-1042407,Architect,7218.67,2.905037,101.803868,BR012,2021-07-27
CUST01976,Jia Hao Teh,690125-16-7138,wallerbrian@example.net,+6015-2149603,Nurse,6907.97,3.160284,101.707276,BR004,2021-09-22
CUST01977,Ravi a/l Krishnan,670924-09-9871,hannahcurtis@example.org,+6012-9724378,Engineer,5355.88,3.075315,101.576231,BR007,2018-10-12
CUST01978,Shalini a/p Suppiah,910514-13-6230,billylynch@example.net,+6019-1615730,Architect,5641.5,3.038411,101.43725,BR009,2019-04-09
CUST01979,Deepa a/p Govindasamy,920826-16-9071,escobardavid@example.com,+6011-6641936,Consultant,19408.99,2.991917,101.651717,BR010,2017-02-07
CUST01980,Alya Yusof,661116-08-5889,imarshall@example.org,+6011-6801128,Accountant,3219.88,3.127581,101.727142,BR002,2019-09-07
CUST01981,Kumar a/l Muthu,870312-15-8452,timothyramos@example.com,+6013-5827415,Lawyer,8861.08,3.197321,101.780033,BR004,2018-06-21
CUST01982,Hui Min Chan,820813-15-9199,carmenevans@example.org,+6015-7732543,Business Owner,15777.89,3.071943,101.696936,BR005,2022-04-24
CUST01983,Kavitha a/l Krishnan,980721-12-8661,cortezscott@example.net,+6013-6269284,Nurse,5005.99,3.137187,101.740479,BR004,2018-06-11
CUST01984,Hui Min Tan,951014-16-6933,qgay@example.com,+6018-2639487,Freelancer,17448.98,2.914585,101.798395,BR012,2022-07-05
CUST01985,Jia Hao Wong,800216-10-8275,markwebb@example.com,+6010-6042946,Software Engineer,5380.68,3.16817,101.693373,BR014,2026-01-04
CUST01986,Priya a/l Krishnan,700624-08-5765,matthewbyrd@example.net,+6011-6860272,Retail Manager,8500.88,3.221618,101.578835,BR016,2019-08-02
CUST01987,Aina Yusof,770701-04-8560,tonyflores@example.net,+6010-4203835,Lawyer,4852.71,2.939223,101.773834,BR012,2021-03-14
CUST01988,Kumar a/p Govindasamy,630827-02-7278,hodgesemily@example.org,+6017-5524988,Lawyer,2566.89,3.15689,101.663248,BR002,2025-10-01
CUST01989,Anitha a/l Krishnan,770828-04-6982,jamesrodriguez@example.org,+6019-4965307,Freelancer,7270.11,3.137659,101.787598,BR004,2018-08-17
CUST01990,Zhi Hao Chong,800802-08-7029,katie71@example.net,+6015-9844749,Lawyer,3315.04,3.088115,101.583442,BR007,2019-07-01
CUST01991,Naveen a/p Raman,851221-08-6659,mariolee@example.com,+6011-4252262,Lawyer,5452.37,3.075072,101.50421,BR009,2024-05-09
CUST01992,Mei Chen Chan,980211-13-4686,markblack@example.com,+6015-9049440,Retail Manager,4043.78,3.073314,101.583946,BR010,2023-01-12
CUST01993,Suresh a/l Naidu,941207-01-1844,jeremy47@example.com,+6017-4830696,Engineer,18121.77,3.125037,101.745245,BR001,2020-03-15
CUST01994,Amir Abdullah,701022-06-7800,maria57@example.com,+6013-8899980,Engineer,3682.59,2.914468,101.887372,BR017,2020-09-30
CUST01995,Haziq Ibrahim,750305-05-3104,zsmith@example.org,+6013-3789161,Teacher,3027.71,3.251557,101.679581,BR014,2026-03-08
CUST01996,Jia Hao Lim,730306-05-6458,theresawang@example.org,+6019-6136075,Civil Servant,7155.73,3.234621,101.586052,BR016,2024-09-06
CUST01997,Suresh a/p Suppiah,650810-11-5590,kenneth50@example.com,+6014-2281962,Teacher,16250.39,2.937729,101.745982,BR012,2020-10-08
CUST01998,Anitha a/l Muthu,740813-01-6539,laurenwilliamson@example.com,+6012-1972049,Accountant,14478.5,3.043948,101.578833,BR007,2025-01-22
CUST01999,Deepa a/p Suppiah,601102-09-9137,ethansharp@example.net,+6011-5364941,Civil Servant,5080.34,3.205504,101.764639,BR014,2022-06-05
CUST02000,Naveen a/p Raman,030206-02-2596,harringtonpeter@example.net,+6011-4096807,Architect,2837.97,3.028909,101.555806,BR007,2021-05-14
